Ключ;Позиция;Количество слов;Содержит вопрос;Содержит топоним;Глобальная общая частотность;Глобальная точная "[!частотность]";Региональная общая частотность;Региональная "частотность";Региональная точная "[!частотность]";Минимальная ставка в контексте;Результатов в выдаче;Домен;Страница;Прогресс позиций
"купить щебень в екатеринбурге";4;4;;1;842;59;581;247;34;101.7;769000;"www.scheben-otsev66.ru";"/price_na_scheben";2
"щебень 5 20 цена за куб";4;6;;;2538;1021;117;28;28;7.7;3000000;"www.scheben-otsev66.ru";"/price_na_scheben";4
"монетный щебеночный завод";4;3;;;290;53;129;24;23;45.3;270000;"www.scheben-otsev66.ru";"/karyer-monetnyj";3
"щебень екатеринбург";3;2;;1;1038;51;594;43;23;137.4;156000;"www.scheben-otsev66.ru";"/";4
"щебень стоимость за тонну";2;4;;;390;74;23;22;21;17.6;507000;"www.scheben-otsev66.ru";"/price_na_scheben";5
"камаз щебня цена";4;3;;;1505;348;60;21;21;46.9;701000;"www.scheben-otsev66.ru";"/price_na_scheben";5
"пщс";2;1;;;1972;165;237;30;21;18.6;2000000;"www.scheben-otsev66.ru";"/cat/peschano-schebenochnaya-smes";2
"щебень купить";3;2;;;44758;712;610;24;20;98.2;774000;"www.scheben-otsev66.ru";"/cat/scheben";1
"отсев цена за 1 м3 с доставкой екатеринбург";1;8;;1;25;24;17;17;17;0.3;4000000;"www.scheben-otsev66.ru";"/cat/otsev";1
"купить щебень в екатеринбурге с доставкой цена 20 40";4;9;;1;17;15;17;15;15;57.3;8000;"www.scheben-otsev66.ru";"/cat/shcheben-20-40";1
"карьеры свердловской области щебень";4;4;;1;60;18;31;15;15;21.8;842000;"www.scheben-otsev66.ru";"/stati/karery-sverdlovskoj-oblasti";1
"щебень цена за м3";1;4;;;3545;295;64;14;14;35.2;3000000;"www.scheben-otsev66.ru";"/price_na_scheben";3
"фракция щебня";8;2;;;23105;251;460;21;11;37.9;173000;"www.scheben-otsev66.ru";"/stati/harakteristiki-shchebnya";1
"купить щебень екатеринбург";2;3;;1;320;19;199;15;10;110.7;707000;"www.scheben-otsev66.ru";"/";3
"щпс";1;1;;;10981;824;245;13;10;0.3;2000000;"www.scheben-otsev66.ru";"/cat/shchps-s6";2
"плотность щебня 40 70";1;4;;;577;130;22;9;9;0.3;970000;"www.scheben-otsev66.ru";"/stati/nasypnaya-plotnost-schebnya-po-fraktsiyam";1
"купить щебень в екатеринбурге с доставкой цена за куб";2;9;;1;45;13;30;9;8;69.2;1000000;"www.scheben-otsev66.ru";"/price_na_scheben";2
"гранитный карьер";6;2;;;3480;61;555;14;8;12.8;507000;"www.scheben-otsev66.ru";"/uralskiy-karer";4
"щебень тонна цена";2;3;;;4241;52;35;8;8;55.8;858000;"www.scheben-otsev66.ru";"/price_na_scheben";4
"монетный щебеночный карьер";2;3;;;29;7;14;7;7;20.2;469000;"www.scheben-otsev66.ru";"/karyer-monetnyj";2
"щебень 40 70";4;3;;;9767;380;137;7;7;33.4;1000000;"www.scheben-otsev66.ru";"/cat/shcheben-40-70";6
"купить щебень в екатеринбурге с доставкой";1;6;;1;37;7;30;15;7;50.2;690000;"www.scheben-otsev66.ru";"/price_na_scheben";3
"отсев гранитный фракция 0 5 мм цена";6;7;;;529;529;10;9;6;46.4;2000;"www.scheben-otsev66.ru";"/cat/otsev-0-5-mm";4
"машина щебенки цена";2;3;;;398;83;8;6;6;0.3;947000;"www.scheben-otsev66.ru";"/cat/scheben-dorozhnyi";6
"машина щебня с доставкой цена";5;5;;;366;309;14;6;6;89.1;1000000;"www.scheben-otsev66.ru";"/price_na_scheben";2
"песок из отсевов дробления";2;4;;;790;63;53;5;5;0.3;237000;"www.scheben-otsev66.ru";"/cat/pesok-iz-otsevov-drobleniya-fr-0-10";6
"щпс с5";1;2;;;1345;250;16;5;5;0.3;2000;"www.scheben-otsev66.ru";"/cat/shchps-s5";1
"раствор на отсеве";8;3;;;205;5;71;5;5;20.7;200000;"www.scheben-otsev66.ru";"/stati/kak-zameshivat-betonnuyu-smes-iz-otseva";26
"куб щебня цена";1;3;;;9184;236;155;10;5;63.1;696000;"www.scheben-otsev66.ru";"/price_na_scheben";1
"щебень фракция 20 40";5;4;;;5504;381;99;11;5;0.3;2000000;"www.scheben-otsev66.ru";"/cat/shcheben-20-40";3
"гранитные карьеры свердловской области";5;4;;1;49;5;28;4;4;23.3;984000;"www.scheben-otsev66.ru";"/stati/karery-sverdlovskoj-oblasti";3
"щпс 0 40";2;3;;;773;242;13;5;4;0.3;2000;"www.scheben-otsev66.ru";"/cat/shchps-0-40";5
"цена щебня за 1 м3 с доставкой";2;7;;;924;108;35;4;4;74.9;4000000;"www.scheben-otsev66.ru";"/price_na_scheben";5
"куплю щебень";3;2;;;117209;146;2043;125;4;87.2;23000;"www.scheben-otsev66.ru";"/cat/scheben-dorozhnyi";2
"камаз щебня цена с доставкой";4;5;;;500;191;16;6;4;54.2;713000;"www.scheben-otsev66.ru";"/price_na_scheben";4
"щебень м 1000 фракция 20 40 мм группа 2";4;9;;;35;15;5;4;4;0.3;3000000;"www.scheben-otsev66.ru";"/cat/shcheben-20-40";1
"заказать щебень с доставкой в екатеринбурге недорого";3;7;;1;4;4;4;4;4;0.3;624000;"www.scheben-otsev66.ru";"/price_na_scheben";1
"40 70";1;2;;;177858;123;2940;541;4;0.3;1000000;"www.scheben-otsev66.ru";"/cat/shcheben-40-70";5
"цена на щебень";2;3;;;861;136;13;5;4;0.3;802000;"www.scheben-otsev66.ru";"/price_na_scheben";3
"стоимость щебня за тонну";2;4;;;418;54;21;21;3;15.4;552000;"www.scheben-otsev66.ru";"/price_na_scheben";2
"песок для цемента";5;3;;;17071;21;173;3;3;0.3;200000;"www.scheben-otsev66.ru";"/stati/proportsii-peska-i-tsementa-dlya-rastvora-betona";4
"щебень доставка екатеринбург";4;3;;1;941;4;762;27;3;156.9;403000;"www.scheben-otsev66.ru";"/cat/scheben-dorozhnyi";3
"карьеры свердловской области список";4;4;;1;11;4;9;9;3;0.3;1000000;"www.scheben-otsev66.ru";"/stati/karery-sverdlovskoj-oblasti";2
"карьеры в свердловской области";1;4;;1;294;18;92;11;3;0.3;912000;"www.scheben-otsev66.ru";"/stati/karery-sverdlovskoj-oblasti";4
"щебень стоимость 1 м3";1;4;;;768;21;25;3;3;25.5;4000000;"www.scheben-otsev66.ru";"/price_na_scheben";1
"щебеночные карьеры свердловской области";4;4;;1;70;8;25;4;3;16.3;805000;"www.scheben-otsev66.ru";"/stati/karery-sverdlovskoj-oblasti";1
"сколько стоит куб";6;3;1;;125113;2322;1107;3;3;0.3;734000;"www.scheben-otsev66.ru";"/price_na_scheben";2
"отсев что это в строительстве";10;5;1;;54;33;3;3;3;0.3;5000;"www.scheben-otsev66.ru";"/stati/otsev-chto-eto-takoe-vidy-granitnyi-mramornyi-gravyinyi";4
"монетка карьер";3;2;;;11;3;3;3;3;0.3;2000;"www.scheben-otsev66.ru";"/karyer-monetnyj";3
"купить щебень екатеринбург с доставкой";4;5;;1;357;3;308;6;2;106.5;922000;"www.scheben-otsev66.ru";"/price_na_scheben";3
"отсев стоимость за куб";3;4;;;40;7;6;2;2;0.3;814000;"www.scheben-otsev66.ru";"/cat/otsev";1
"монетный карьер";2;2;;;88;3;36;7;2;0.3;477000;"www.scheben-otsev66.ru";"/karyer-monetnyj";2
"щебень цена за 1 м3 с доставкой";2;7;;;916;143;32;3;2;0.3;4000000;"www.scheben-otsev66.ru";"/price_na_scheben";3
"характеристики щебня";1;2;;;1006;26;24;4;2;7;252000;"www.scheben-otsev66.ru";"/stati/harakteristiki-shchebnya";3
"пшс щебень";3;2;;;30;8;4;4;2;9;2000;"www.scheben-otsev66.ru";"/cat/peschano-schebenochnaya-smes";2
"калькулятор расхода щебня";10;3;;;211;32;3;2;2;0.3;233000;"www.scheben-otsev66.ru";"/calc";19
"щебень фр 5 20 плотность";3;5;;;31;2;2;2;2;0.3;3000000;"www.scheben-otsev66.ru";"/stati/nasypnaya-plotnost-schebnya-po-fraktsiyam";3
"щебень фр 20 40 цена за м3";2;7;;;81;7;4;2;2;0.3;3000000;"www.scheben-otsev66.ru";"/cat/shcheben-20-40";6
"щебень с доставкой купить";5;4;;;24405;51;476;3;2;28.2;757000;"www.scheben-otsev66.ru";"/cat/scheben-dorozhnyi";8
"щпс что это";8;3;1;;421;109;6;2;2;0.3;3000000;"www.scheben-otsev66.ru";"/stati/schps-fraktsii-harakteristiki-primenenie";12
"сколько стоит щебенка";4;3;1;;2853;145;29;2;2;3.4;684000;"www.scheben-otsev66.ru";"/cat/scheben-dorozhnyi";1
"цена щебня за 1 м3";1;5;;;1863;6;27;2;2;56.7;4000000;"www.scheben-otsev66.ru";"/price_na_scheben";7
"известковый щебень";6;2;;;2101;125;16;2;2;0.3;176000;"www.scheben-otsev66.ru";"/cat/scheben-izvestnyakovyy";3
"цена щебня за куб";4;4;;;4018;63;38;2;2;0.3;733000;"www.scheben-otsev66.ru";"/price_na_scheben";3
"купить песок и щебень с доставкой";4;6;;;454;24;3;2;2;0.3;843000;"www.scheben-otsev66.ru";"/";5
"карьер монетный";2;2;;;25;2;13;7;2;0.3;465000;"www.scheben-otsev66.ru";"/karyer-monetnyj";3
"щебень свердловская область";2;3;;1;136;2;37;2;2;40.1;572000;"www.scheben-otsev66.ru";"/price_na_scheben";6
"щебень цена за 1 м3";3;5;;;2975;90;124;5;2;19.7;4000000;"www.scheben-otsev66.ru";"/cat/shcheben-20-40";3
"щпс купить";2;2;;;1081;285;13;2;2;91;756000;"www.scheben-otsev66.ru";"/cat/shchps-s4";1
"цена щебня за тонну";1;4;;;2581;218;11;2;2;0.3;768000;"www.scheben-otsev66.ru";"/price_na_scheben";1
"щебень отсев купить";3;3;;;204;5;8;3;2;25.5;662000;"www.scheben-otsev66.ru";"/cat/otsev";1
"купить скальный грунт";10;3;;;204;7;37;3;2;32.9;706000;"www.scheben-otsev66.ru";"/cat/skalnyj_grunt";1
"щпс гост";6;2;;;950;103;23;5;2;0.3;83000;"www.scheben-otsev66.ru";"/gost-25607-2009";1
"морозостойкость щебня";1;2;;;384;29;19;2;2;0.3;10000;"www.scheben-otsev66.ru";"/stati/harakteristiki-shchebnya";9
"щебень 1м3 цена";2;3;;;159;3;4;2;2;11.9;4000000;"www.scheben-otsev66.ru";"/price_na_scheben";6
"щебень фракции 5 10";2;4;;;752;25;21;2;2;0.3;3000000;"www.scheben-otsev66.ru";"/cat/shcheben-5-10";6
"щпс с2";2;2;;;139;32;5;3;2;0.3;4000000;"www.scheben-otsev66.ru";"/cat/shchps-s2";1
"гравий цена за тонну";7;4;;;156;11;3;2;2;0.3;853000;"www.scheben-otsev66.ru";"/price_na_scheben";2
