Домен;Темы сайта;Видимость в поиске;Видимость 30 дней назад;Видимость 90 дней назад;Видимость 180 дней назад;Видимость 365 дней назад;Прогресс видимости за 30 дней;Прогресс видимости за 90 дней;Прогресс видимости за 180 дней;Прогресс видимости за 365 дней;Ключей в органике;Позиций в органике;Трафик;Ключей в контексте;Активных объявлений в контексте;Всего объявлений в контексте;Страницы;Процент в топ 1 по домену;Процент в топ 3 по домену;Процент в топ 5 по домену;Процент в топ 10 по домену;domain_organic_keywords_top20_procent;domain_organic_keywords_top30_procent;Рейтинг домена по трафику;Рейтинг домена по ключам;Пересекающиеся ключи;Похожесть
"svetlogorural.ru";"щебень купить екатеринбурге доставкой цена 20 отсев";18.25;14.85;12.29;9.11;1.65;3.4;5.96;9.14;16.6;199;199;224;0;0;0;21;14;51;73;96;100;100;20988;34778;148;59
"ntk-ekb.ru";"екатеринбург купить щебень доставкой цена песок отсев";34.95;16.28;16.2;22.38;18.68;18.67;18.75;12.57;16.27;360;360;429;244;142;2013;101;3;23;46;95;100;100;12776;21135;131;39
"ooodolomit.ru";"щебень цена доставкой м3 екатеринбург 40 купить";2.53;0.84;0.37;0.59;0.55;1.69;2.16;1.94;1.98;79;80;31;0;0;15;20;5;10;20;82;100;100;84015;71939;47;30
"www.terra-ekb.ru";"екатеринбурге купить цена щебень доставкой м3 20";20.61;19.89;20.76;20.4;14.1;0.72;-0.15;0.21;6.51;496;499;253;0;0;57;202;5;23;45;96;100;100;19088;16092;103;26
"tdatollekb.ru";"щебень купить м3 цена";0.81;0.67;0.93;0.89;0.73;0.14;-0.12;-0.08;0.08;37;37;10;0;0;10;17;11;14;32;86;100;100;168490;125330;28;26
"stk-13.ru";"екатеринбург стк щебень stk фракции парк бетон";27.7;23.41;21.32;22.28;19.78;4.29;6.38;5.42;7.92;255;260;340;15;9;61;202;17;35;53;89;100;100;15271;28406;67;23
"ural-rudnik.ru";"щебень первоуральское стоимость тонну рудоуправление";2.61;2.77;4.94;4.85;3.02;-0.16;-2.33;-2.24;-0.41;50;53;32;5;5;56;19;23;42;51;91;100;100;82934;101466;27;21
"xn--80ac5aetf.xn--p1ai";"екатеринбург цена щебень доставкой асфальтирование 40 снега";3.83;3.78;4;5.94;7.78;0.05;-0.17;-2.11;-3.95;182;182;47;0;0;42;127;1;6;26;88;100;100;63797;37396;51;21
"usk-66.ru";"екатеринбурге цена отсев щебень доставка купить дресьва";3.01;3.61;4.19;4.75;1.46;-0.6;-1.18;-1.74;1.55;86;86;37;0;0;18;22;3;14;35;87;100;100;74826;67548;34;21
"rgk66.ru";"20 щебень режевской карьер доставкой официальный цена";2.77;1.85;1.3;1.19;0.09;0.92;1.47;1.58;2.68;80;81;34;0;0;0;22;1;17;48;90;100;100;80438;71864;31;19
"d196.ru";"купить екатеринбурге щебень доставкой цена камаз песок";5.46;2.52;4.1;3.96;1.65;2.94;1.36;1.5;3.81;102;102;67;137;66;1137;17;1;7;23;88;100;100;50480;59510;35;19
"www.keramzit66.ru";"купить екатеринбурге цена щебень доставкой уголь 20";45.7;26.77;22.25;20.5;12.09;18.93;23.45;25.2;33.61;531;532;561;1;1;214;161;5;31;55;94;100;100;10392;15213;73;18
"ekb.d-177.ru";"купить екатеринбурге доставкой цена куб песок отсев";0.73;0.92;0.65;0.69;0;-0.19;0.08;0.04;0.73;39;39;9;181;71;592;30;5;8;21;85;100;100;182716;121568;20;18
"xn--80aab8au1ag4b.xn--p1ai";"купить екатеринбурге песок доставкой цена щебень отсев";40;14.6;9.87;8.42;0.55;25.4;30.13;31.58;39.45;163;163;491;8;7;17;29;12;45;63;97;100;100;11477;40985;41;18
"xn--96-mlc7bbfbo.xn--p1ai";"купить екатеринбург щебень";0.33;2.1;2.33;2.57;0.18;-1.77;-2;-2.24;0.15;16;16;4;0;0;0;9;6;12;12;81;100;100;285666;221343;12;17
"shebenkamen.ru";"щебня фракция 40 инертные плотность материалы 20";10.18;10.91;7.73;6.44;2.2;-0.73;2.45;3.74;7.98;221;225;125;0;0;1;59;12;34;56;98;100;100;32245;31890;44;17
"dana96.ru";"екатеринбург аренда манипулятор купить щебень цена спецтехники";30.63;36;46.74;54.27;43.31;-5.37;-16.11;-23.64;-12.68;467;468;376;41;30;379;105;5;16;40;94;100;100;14189;16990;60;16
"ural-izvest.ru";"20 щебень негашеная известь пщс екатеринбурге купить";1.14;1.17;1.3;2.67;2.11;-0.03;-0.16;-1.53;-0.97;40;40;14;0;0;87;16;8;10;32;95;100;100;142256;120093;17;15
"ekaterinburg.scheben-rf.ru";"тонну стоимость щебень";0.08;0.08;0.09;0;0;0;-0.01;0.08;0.08;20;20;1;0;0;0;6;0;10;25;85;100;100;509343;189684;12;15
"ekaterinburg.rcnab.ru";"цена екатеринбург щебень 20 песок доставкой м3";5.95;2.35;1.77;2.08;0.82;3.6;4.18;3.87;5.13;95;95;73;0;0;0;35;0;7;24;86;100;100;47175;62559;26;15
"gupmonetka.ru";"щебеночный монетный завод";1.63;1.76;2.33;3.37;3.85;-0.13;-0.7;-1.74;-2.22;15;16;20;0;0;0;7;56;69;75;94;100;100;112553;231827;11;15
"tdborok.ru";"бутовый фундамент щебня калькулятор нерудные материалы камень";4.15;4.11;4.19;4.06;3.02;0.04;-0.04;0.09;1.13;136;136;51;0;0;0;22;8;29;49;96;100;100;60383;47151;31;15
"xn--j1any.xn--p1ai";"щебень карьер седельниковский щебеночный купить доставкой 20";3.75;4.53;4.47;6.04;4.21;-0.78;-0.72;-2.29;-0.46;65;66;46;0;0;46;18;14;30;47;91;100;100;65279;84067;21;15
"granit96.ru";"карьер горнощитский официальный сайт южно щебень екатеринбург";4.48;5.45;5.68;4.65;2.47;-0.97;-1.2;-0.17;2.01;43;44;55;0;0;391;11;27;41;59;93;100;100;57707;113322;18;15
"xn--80acblbc8abhjhpohle1a.xn--p1ai";"щебня плотность карьер 20 насыпная стоимость 40";1.47;1.26;1.21;1.49;1.83;0.21;0.26;-0.02;-0.36;58;59;18;0;0;0;28;10;15;24;81;100;100;121083;91426;19;14
"polevskoi-mramor.com";"щебень екатеринбург купить мраморный песок микрокальцит белый";5.21;5.12;5.31;5.55;3.48;0.09;-0.1;-0.34;1.73;175;175;64;0;0;1;106;11;27;41;93;100;100;52092;38743;33;14
"career96.ru";"песок купить екатеринбурге щебень речной оптом тонну";1.55;2.01;1.21;1.19;0;-0.46;0.34;0.36;1.55;40;40;19;0;0;0;19;0;12;28;95;100;100;116134;119391;15;13
"stroymak.ru";"фракция щебень скала 120";0.9;0.59;0.37;0.3;0;0.31;0.53;0.6;0.9;20;20;11;0;0;0;5;15;35;45;95;100;100;158753;189304;10;13
"asfaltirovanie66.ru";"екатеринбург асфальтирование м2 асфальта цена демонтаж материалом";2.28;4.03;3.35;3.17;1.19;-1.75;-1.07;-0.89;1.09;81;81;28;68;23;412;18;1;14;32;96;100;100;91610;71141;20;13
"nerudniye-materialy.ru";"щебня уплотнения коэффициент плотность песка вторичный щелково";5.3;4.87;3.35;2.57;0.37;0.43;1.95;2.73;4.93;84;88;65;0;0;0;48;11;27;44;95;100;100;51661;69182;20;12
"nerudomatika.ru";"тк салар";0.24;0.25;0;0;0;-0.01;0.24;0.24;0.24;7;7;3;0;0;0;3;0;14;43;71;100;100;367367;388088;5;11
"baltsheben.ru";"";0.08;0.08;0.28;0.2;0.27;0;-0.2;-0.12;-0.19;23;24;1;0;0;0;17;4;8;33;88;100;100;506956;172891;10;11
"magazin.gk-znk.ru";"";0.08;0.08;0.09;0.1;0;0;-0.01;-0.02;0.08;8;8;1;0;0;0;3;0;25;50;75;100;100;481189;331111;5;10
"stroybeton76.ru";"фракция щебень скала утеплителя полистиролбетон плотность 120";1.71;1.76;1.49;0.4;0;-0.05;0.22;1.31;1.71;45;46;21;0;0;2;11;4;13;39;100;100;100;109778;109937;12;10
"ecomostorf.ru";"";0.33;0.25;0.47;0.5;0;0.08;-0.14;-0.17;0.33;8;8;4;0;0;0;4;12;38;50;100;100;100;273818;332652;5;10
"pesok166.ru";"песок купить екатеринбурге цена щебень 1м3 20";2.77;2.27;3.82;4.65;3.11;0.5;-1.05;-1.88;-0.34;52;52;34;0;0;0;15;4;25;38;94;100;100;79241;98409;13;10
"krutiha.com";"крутиха карьер область свердловская гранитный";2.77;2.85;3.91;4.16;3.66;-0.08;-1.14;-1.39;-0.89;33;34;34;0;0;9;17;12;32;47;85;97;100;80282;137677;9;9
"nkrss.ru";"";0.73;0.76;0.47;0.59;0.46;-0.03;0.26;0.14;0.27;34;35;9;2;2;10;23;6;26;34;77;100;100;184276;134037;9;9
"xn----7sbbumahgdz5aibf1d4b3e.xn--p1ai";"";0;0;0;0;0;0;0;0;0;9;9;0;0;0;0;7;0;0;11;100;100;100;;327329;5;9
"www.skala96.ru";"40 щебень 20";0.73;0.92;1.49;1.58;0.46;-0.19;-0.76;-0.85;0.27;23;23;9;0;0;76;10;4;9;30;91;100;100;185882;176054;8;9
"shebenshop.ru";"камень бутовый";0.33;0.34;0.19;0.2;0.18;-0.01;0.14;0.13;0.15;14;14;4;0;0;24;24;14;14;36;79;100;100;290510;242381;6;9
"xn----btblbvwc3g5ab.xn--p1ai";"купить песок щебень доставкой подольск чехове гравийный";3.1;1.85;1.12;0.2;0;1.25;1.98;2.9;3.1;65;67;38;0;0;0;40;15;31;52;97;100;100;74080;83973;13;9
"gruntovozov.ru";"екатеринбурге доставкой уголь купить отсев каменный почва";7.98;11.08;17.88;27.43;37.81;-3.1;-9.9;-19.45;-29.83;342;345;98;0;0;0;318;7;25;43;95;100;100;38529;22064;31;9
"dostavka-sheben-pesok.ru";"песка плотность щебня коэффициент уплотнения пгс м3";6.44;6.55;7.17;6.24;5.13;-0.11;-0.73;0.2;1.31;115;120;79;0;0;0;24;23;38;51;98;100;100;44559;53828;16;8
"asfaltirovanie.ru";"щебня плотность 40 20 куб насыпная весит";2.85;2.77;2.05;2.38;2.11;0.08;0.8;0.47;0.74;56;57;35;0;0;2;11;12;44;68;95;100;100;78429;93798;11;8
"stroyscheben.ru";"щебень вторичный плотность купить доставкой 40 истра";0.16;0.34;0.47;0.59;0.18;-0.18;-0.31;-0.43;-0.02;36;36;2;0;0;0;17;0;3;14;89;100;100;400766;128123;9;8
"72taktika.ru";"бетона щебень фракции марк смесь прочности набора";10.1;11.66;13.22;12.58;5.49;-1.56;-3.12;-2.48;4.61;196;200;124;0;0;0;41;20;42;61;96;100;100;32388;35202;20;8
"xn--90ahb6abfh7e5a.xn--p1ai";"екатеринбурге щебень карьер сагра купить";0.57;2.18;3.63;5.05;2.93;-1.61;-3.06;-4.48;-2.36;11;11;7;0;0;0;6;18;18;27;91;100;100;210359;280973;5;8
"kapiteltk.com";"екатеринбурге купить щебень мраморный отсев мешках песок";6.11;6.29;6.8;5.94;5.86;-0.18;-0.69;0.17;0.25;146;146;75;0;0;12;64;8;15;32;85;99;100;46578;44761;17;8
"nsmural.ru";"ураласбест урал нсм асбест";1.63;1.59;1.12;1.29;3.3;0.04;0.51;0.34;-1.67;24;26;20;65;25;51;14;19;42;69;92;100;100;114148;172018;7;8
"xn-----9kcfbnbe7bthq3b4g2b.xn--p1ai";"20 щебня 40 плотность насыпная весит куб";6.68;6.71;7.36;7.03;2.66;-0.03;-0.68;-0.35;4.02;108;119;82;0;0;0;27;47;66;79;99;100;100;43595;56730;13;7
"schebenpesok.ru";"щебень купить екатеринбурге доставкой щелково отсев цена";2.28;2.1;1.4;0.89;0.37;0.18;0.88;1.39;1.91;77;77;28;0;0;0;50;1;16;32;90;100;100;90625;73674;11;7
"vtor.by";"лещадность";0.33;0.34;0.56;0.5;0.27;-0.01;-0.23;-0.17;0.06;21;21;4;0;0;0;14;0;14;38;95;100;100;301385;187641;6;7
"www.butstone.com";"";0.65;0.59;0.74;0.59;0.37;0.06;-0.09;0.06;0.28;23;24;8;0;0;0;21;17;33;54;83;100;100;200214;176354;6;7
"osmgrunt.ru";"щебень фракция скала битый кирпич 120";3.5;2.85;1.86;0.99;0.09;0.65;1.64;2.51;3.41;90;93;43;0;0;0;25;11;35;57;98;100;100;67937;65370;12;7
"asfalting.ru";"плотность щебня кг 40 м3 укладка песка";4.15;4.28;5.68;5.45;3.75;-0.13;-1.53;-1.3;0.4;78;82;51;0;0;0;12;26;52;65;98;100;100;60628;72853;12;7
"ksnb.ru";"";0.73;0.84;0.93;0.99;0;-0.11;-0.2;-0.26;0.73;28;28;9;0;0;0;9;25;36;50;89;100;100;186474;153981;7;7
"taxi-pesok.ru";"кирпич битый";1.22;1.34;1.49;0.79;0.55;-0.12;-0.27;0.43;0.67;95;99;15;0;0;1;101;9;18;27;89;100;100;135372;62859;12;7
"nerudas.ru";"карьер рамки щебеночный дорог завод карте платон";19.88;19.13;18.44;16.93;15.93;0.75;1.44;2.95;3.95;293;325;244;0;0;0;131;22;44;58;93;100;100;19638;25165;21;7
"samosval-ekb.ru";"купить екатеринбурге доставкой пщс скальный цена грунт";1.47;0;0;0;0;1.47;1.47;1.47;1.47;17;17;18;0;0;0;10;6;29;41;100;100;100;121678;216681;5;7
"ltsr.ru";"асфальт портландцемент сухих строительных производство делают смесей";4.89;5.71;7.54;7.53;4.21;-0.82;-2.65;-2.64;0.68;178;182;60;0;0;0;55;14;32;54;96;100;100;54145;38103;15;6
"unigran.by";"гост 8267 93 щебень";0.81;0.76;0.84;0.2;0.27;0.05;-0.03;0.61;0.54;25;25;10;0;0;0;2;0;8;24;92;100;100;169518;164044;5;6
"tinert.ru";"";1.22;1.34;1.21;0.99;0.73;-0.12;0.01;0.23;0.49;33;34;15;0;0;0;9;21;38;56;91;100;100;132313;135399;6;6
"ural-grunt.ru";"купить екатеринбурге чернозем глину дресьва огорода цена";1.87;2.85;4.28;4.46;1.19;-0.98;-2.41;-2.59;0.68;79;80;23;0;0;272;32;2;15;28;88;100;100;103622;72369;9;6
"nerudnye-spb.ru";"лещадность";0.33;0.34;0.37;0.2;0.09;-0.01;-0.04;0.13;0.24;50;50;4;0;0;0;29;0;14;30;90;100;100;274612;101011;7;6
"testproekt.ru";"щебня плотность уплотнения коэффициент насыпная 20 40";1.22;1.34;1.96;1.88;0.92;-0.12;-0.74;-0.66;0.3;37;37;15;0;0;0;7;5;14;43;97;100;100;134953;126349;7;6
"xn----8sbbpbc8aoh7ay7ezb.xn--p1ai";"щебень инертные фракция песок материалы скала 120";1.22;1.17;0.37;0.4;0.18;0.05;0.85;0.82;1.04;39;39;15;0;0;5;13;3;15;28;95;100;100;132694;120892;7;6
"tsk-sistema.ru";"щебень фракции гравий песок керамзит цемент";4.89;4.62;4;2.28;0.73;0.27;0.89;2.61;4.16;141;147;60;0;0;0;18;10;26;47;95;100;100;54376;45964;12;6
"glavnerud.ru";"габбро лещадность диабаз";1.22;1.43;1.12;1.09;0.92;-0.21;0.1;0.13;0.3;55;56;15;0;0;0;39;4;21;39;95;100;100;135395;95025;7;5
"scheben-opt.ru";"купить доставкой подольске песок камень смесь песчано";1.38;1.34;1.68;1.49;0.37;0.04;-0.3;-0.11;1.01;66;67;17;0;0;0;30;4;21;37;93;100;100;125400;83077;7;5
"werton.ru";"";0.81;0.76;0.65;0.5;0;0.05;0.16;0.31;0.81;58;58;10;0;0;0;25;3;17;40;95;100;100;167512;90658;7;5
"iso-altair.ru";"щебня плотность лещадность уплотнения коэффициент";0.98;1.01;0.84;0.5;0;-0.03;0.14;0.48;0.98;32;32;12;0;0;0;21;0;16;41;100;100;100;155913;140191;5;5
"www.rinova-stroy.ru";"камень грунт плавун бутовый";0.73;0.67;0.37;0.4;0;0.06;0.36;0.33;0.73;33;33;9;0;0;0;11;3;12;30;91;100;100;181788;136268;5;5
"atom-market.ru";"екатеринбурге купить твинблок теплит плитка цена тротуарная";19.39;18.96;14.53;11.59;10.16;0.43;4.86;7.8;9.23;422;424;238;2;2;578;111;2;14;38;93;100;100;20072;18545;13;4
"www.tg-stroy.ru";"применение песок щебень каменного глины троицке угля";3.01;2.94;2.7;1.88;1.19;0.07;0.31;1.13;1.82;74;77;37;3;3;3;36;19;34;51;96;100;100;75574;76177;7;4
"samosval.info";"самосвалов работа свердловской карьер области екатеринбург щебень";2.77;3.1;5.12;4.65;5.31;-0.33;-2.35;-1.88;-2.54;105;105;34;1;1;1;87;4;15;35;85;100;100;80476;58230;5;3
"www.betongrupp-ekb.ru";"екатеринбурге купить тротуарная плитка цена бетон лэп";7.41;7.3;7.82;12.08;9.52;0.11;-0.41;-4.67;-2.11;336;337;91;0;0;24;360;2;14;31;90;100;100;40755;22386;9;3
"ekb.zakteh.ru";"экскаватор погрузчик екатеринбург аренда спецтехника jcb";0.9;0.59;0.74;0.89;0.82;0.31;0.16;0.01;0.08;75;75;11;0;0;52;48;0;5;12;89;100;100;161167;75077;5;3
"xn--80acehqg1abgbqfmdl.xn--p1ai";"купить екатеринбурге отсев жби кольца доставкой цена";3.01;5.96;7.26;7.82;2.66;-2.95;-4.25;-4.81;0.35;84;84;37;2;2;86;45;4;10;36;94;100;100;74727;68732;5;3
"zlatolit-ural.ru";"плитняк купить екатеринбурге камень";4.64;4.36;3.91;2.87;1.37;0.28;0.73;1.77;3.27;111;111;57;0;0;10;44;10;42;55;93;100;100;56544;55723;5;3
"beton-ekaterinburg.ru";"бетон екатеринбурге цена купить доставкой куб м3";23.22;21.57;17.04;13.07;5.22;1.65;6.18;10.15;18;263;263;285;0;0;0;54;16;51;68;98;100;100;17396;27616;5;2
"www.xn--66-9kctl.xn--p1ai";"екатеринбурге купить плитка тротуарная фбс блоки производителя";4.48;5.29;9.03;12.97;11.17;-0.81;-4.55;-8.49;-6.69;191;191;55;0;0;0;201;1;7;21;84;100;100;58001;36060;6;2
"ekb.pulscen.ru";"екатеринбурге купить цена оптом кирпич опора пульс";48.31;46.07;61.27;65.36;53.84;2.24;-12.96;-17.05;-5.53;3030;3044;593;2153;783;2927;19594;1;6;16;68;100;100;9970;3278;21;2
"stroitesnami96.ru";"екатеринбурге купить доска брус нами стройте обрезная";16.62;17.45;18.81;16.04;14.37;-0.83;-2.19;0.58;2.25;418;419;204;0;0;7;226;4;11;26;83;100;100;22458;18675;7;2
"ural.rosavtodor.gov.ru";"гост 1770 уралуправтодор екатеринбург официальный сайт 8735";22.97;21.65;15.46;15.25;11.81;1.32;7.51;7.72;11.16;278;284;282;0;0;0;117;24;48;61;98;100;100;17566;26368;5;2
"ugph.ru";"екатеринбург мазуркевич сергей уральский угпх ооо леонидович";32.67;33.82;35.48;38.82;41.57;-1.15;-2.81;-6.15;-8.9;160;162;401;0;0;7;40;43;60;74;93;100;100;13489;41549;5;2
"www.mos.ru";"москва гост карта справка получить постановление рф";840.74;866.23;967.36;1006.05;990.28;-25.49;-126.62;-165.31;-149.54;15783;16253;10320;0;0;12;4933;14;27;42;94;100;100;1020;746;17;1
"perevozka24.ru";"екатеринбург расстояние машине аренда москва казань тагил";498.25;474.44;429.81;355.42;237.32;23.81;68.44;142.83;260.93;19036;19123;6116;73;52;1534;6931;2;12;33;97;100;100;1530;617;18;1
"stroykalkulyator.ru";"калькулятор онлайн болт щебня расчет герметика 20";10.35;12.92;22.25;25.15;18.68;-2.57;-11.9;-14.8;-8.33;365;365;127;0;0;0;103;13;35;51;94;100;100;31873;20902;5;1
"profiminer.ru";"гок россии металл екатеринбург инкотермс экспо металлургические";23.54;23.92;21.23;17.03;16.02;-0.38;2.31;6.51;7.52;570;583;289;0;0;0;226;13;28;45;91;100;100;17246;14359;5;1
"uralint.ru";"купить екатеринбурге цена мм арматура лист гипсокартон";169.13;168.41;114.53;89.03;69.03;0.72;54.6;80.1;100.1;3392;3403;2076;0;0;376;1474;4;17;32;79;100;100;3577;2968;6;1
"www.testprom.ru";"гост 80 допуски 79 74 82 23518";63.38;65.54;66.86;56.45;47.79;-2.16;-3.48;6.93;15.59;2430;2432;778;0;0;462;1462;6;20;41;93;100;100;8013;3949;5;1
"ekaterinburg.promportal.su";"купить екатеринбурге цена бу контейнер панели труба";84.16;77.37;50;51.1;46.33;6.79;34.16;33.06;37.83;4016;4018;1033;0;0;3;7262;1;13;29;82;100;100;6354;2546;10;1
"ekaterinburg.regtorg.ru";"купить екатеринбурге цена контейнер области свердловской б";65.5;68.64;66.02;61.1;53.38;-3.14;-0.52;4.4;12.12;3695;3696;804;0;0;0;4569;1;11;26;84;100;100;7772;2751;10;1
"www.sdvor.com";"екатеринбурге купить строительный двор цена каталог товаров";1581.28;1570.76;1497.27;1469.41;1462.44;10.52;84.01;111.87;118.84;21859;22853;19410;30707;4700;78083;8283;7;23;41;89;100;100;619;547;27;1
"m-strana.ru";"своими руками дом размеры сделать высота ванной";2471.39;2522.83;2483.07;2239.57;1936.15;-51.44;-11.68;231.82;535.24;60715;61935;30336;0;0;5;8293;16;39;59;97;100;100;437;219;27;1
"uslugi.yandex.ru";"екатеринбург ремонт цена дому массаж недорого юрист";8671.79;7681.87;7092.76;6899.33;6190.15;989.92;1579.03;1772.46;2481.64;87635;87769;106445;3964;2706;217008;52623;11;41;62;96;100;100;141;159;67;1
"www.avito.ru";"екатеринбурге купить квартиру дом цена авито работа";82151.07;85003.93;92225.52;93774.25;92954.31;-2852.86;-10074.45;-11623.18;-10803.24;957883;995162;1008393;95503;44041;743046;711701;18;41;60;91;100;100;13;11;193;1
