город;фраза;точная;интент
Екатеринбург;керамзит купить в екатеринбурге;237;K
Екатеринбург;щебень 20 40 цена за 1 м3 с доставкой екатеринбург;185;K
Екатеринбург;песок речной купить в екатеринбурге;145;K
Екатеринбург;щебень купить в екатеринбурге;135;K
Екатеринбург;геотекстиль под щебень купить в екатеринбурге;112;K
Екатеринбург;отсев купить в екатеринбурге;111;K
Екатеринбург;купить щебень в екатеринбурге с доставкой цена;89;K
Екатеринбург;купить отсев в екатеринбурге с доставкой цена за куб екатеринбург;67;K
Екатеринбург;отсев в мешках купить в екатеринбурге;66;K
Екатеринбург;щебень в мешках купить в екатеринбурге;63;K
Екатеринбург;купить щебень в екатеринбурге с доставкой;56;K
Екатеринбург;песок купить в екатеринбурге;52;K
Екатеринбург;галька речная купить в екатеринбурге;49;K
Екатеринбург;кварцевый песок купить в екатеринбурге;48;K
Екатеринбург;речной песок купить в екатеринбурге в мешках;47;K
Екатеринбург;отсев купить в екатеринбурге с доставкой цена;47;K
Екатеринбург;щебень екатеринбург купить;46;K
Екатеринбург;щебень купить в екатеринбурге с доставкой цена за куб;45;K
Екатеринбург;купить керамзит в мешках в екатеринбурге;45;K
Екатеринбург;щебень 5 20 цена за куб с доставкой екатеринбург;43;K
Екатеринбург;отсев цена за 1 м3 с доставкой екатеринбург;42;K
Екатеринбург;екатеринбург щебень;41;I
Екатеринбург;песок купить екатеринбург;40;K
Екатеринбург;песок для пескоструя купить в екатеринбурге;39;K
Екатеринбург;керамзит екатеринбург купить;38;K
Екатеринбург;песок строительный купить в екатеринбурге;34;K
Екатеринбург;сахар песок цена екатеринбург;30;K
Екатеринбург;щебень мраморный белый купить екатеринбург;29;K
Екатеринбург;пгс екатеринбург;25;I
Екатеринбург;карьеры свердловской области щебень;25;I
Екатеринбург;про щебень екатеринбург;24;I
Екатеринбург;купить керамзит в биг бэгах в екатеринбурге;24;K
Екатеринбург;скальный грунт купить в екатеринбурге;23;K
Екатеринбург;нерудные материалы екатеринбург;23;I
Екатеринбург;купить отсев в екатеринбурге с доставкой;23;K
Екатеринбург;керамзит екатеринбург;23;I
Екатеринбург;сахар песок купить в екатеринбурге;22;K
Екатеринбург;купить песок в мешках в екатеринбурге;22;K
Екатеринбург;екатеринбург купить щебень с доставкой;22;K
Екатеринбург;щебень заказать с доставкой в екатеринбурге;21;K
Екатеринбург;купить песок в екатеринбурге с доставкой;21;K
Екатеринбург;купить отсев в екатеринбурге с доставкой цена за куб;21;K
Екатеринбург;купить керамзит в екатеринбурге с доставкой цена за куб;21;K
Екатеринбург;керамзит в свердловской области купить;20;K
Екатеринбург;кварцевый песок екатеринбург;20;I
Екатеринбург;екатеринбург золотой песок;20;I
Екатеринбург;доставка щебня екатеринбург;20;K
Екатеринбург;галька купить в екатеринбурге;20;K
Екатеринбург;белый щебень купить в екатеринбурге;20;K
Екатеринбург;селен щебень екатеринбург;19;I
Екатеринбург;пгс свердловская область;19;I
Екатеринбург;щебень с доставкой екатеринбург;18;K
Екатеринбург;купить щебень в биг бэгах в екатеринбурге;18;K
Екатеринбург;пгс институт екатеринбург;17;I
Екатеринбург;мраморный щебень купить в екатеринбурге;17;K
Екатеринбург;купить песок в екатеринбурге с доставкой цена за куб екатеринбург;17;K
Екатеринбург;урфу пгс екатеринбург;16;I
Екатеринбург;купить песок и щебень в екатеринбурге;16;K
Екатеринбург;карьер селен щебень екатеринбург;16;I
Екатеринбург;скальный грунт купить в екатеринбурге с доставкой;15;K
Екатеринбург;отсев в биг бэгах купить в екатеринбурге;15;K
Екатеринбург;щебень купить екатеринбург с доставкой цена за куб;14;K
Екатеринбург;щебень 20 40 купить в екатеринбурге;14;K
Екатеринбург;фотостудия с песком екатеринбург;14;I
Екатеринбург;сахар песок цена за 1 кг екатеринбург;14;K
Екатеринбург;купить декоративный щебень в екатеринбурге;14;K
Екатеринбург;купить гравий в екатеринбурге;14;K
Екатеринбург;камаз щебня цена с доставкой екатеринбург;14;K
Екатеринбург;евразия щебень екатеринбург;14;I
Екатеринбург;пгс купить в екатеринбурге;13;K
Екатеринбург;купить керамзит в екатеринбурге цена за 1 м3;13;K
Екатеринбург;керамзит купить в екб;13;K
Екатеринбург;модифицированный песок купить в екатеринбурге;12;K
Екатеринбург;купить щебень отсев в екатеринбурге;12;K
Екатеринбург;купить гальку в екатеринбурге;12;K
Екатеринбург;щебень 20 40 купить в екатеринбурге с доставкой;11;K
Екатеринбург;ооо пгс екатеринбург;11;I
Екатеринбург;мазуркевич екатеринбург щебень;11;I
Екатеринбург;купить отсев в мешках в екатеринбурге с доставкой цена;11;K
Екатеринбург;купить бутовый камень в екатеринбурге;11;K
Екатеринбург;керамзит в екатеринбурге;11;I
Екатеринбург;екатеринбург щебень доставка;11;K
Екатеринбург;екатеринбург песок;11;I
Екатеринбург;щебень купить в белоярском районе свердловской области;10;K
Екатеринбург;щебень в екатеринбурге;10;I
Екатеринбург;стк щебень екатеринбург;10;I
Екатеринбург;купить керамзит в екатеринбурге с доставкой цена за 1 м3;10;K
Екатеринбург;керамзит купить в екатеринбурге цена;10;K
Екатеринбург;галька белая купить в екатеринбурге;10;K
Екатеринбург;песок купить в екатеринбурге с доставкой цена за куб речной;9;K
Екатеринбург;отсев купить екатеринбург;9;K
Екатеринбург;купить речную гальку в екатеринбурге;9;K
Екатеринбург;керамзит купить в екатеринбурге цена за мешок;9;K
Екатеринбург;щебень фракция 5 20 купить в екатеринбурге;8;K
Екатеринбург;щебень 5 20 купить екатеринбург;8;K
Екатеринбург;урал щебень екатеринбург;8;I
Екатеринбург;специальность пгс екатеринбург;8;I
Екатеринбург;сколько стоит машина щебня в екатеринбурге;8;K
Екатеринбург;сколько стоит камаз щебня в екатеринбурге;8;K
Екатеринбург;сахар песок купить екатеринбург;8;K
Екатеринбург;песок строительный екатеринбург;8;I
Екатеринбург;ооо инертные материалы екатеринбург;8;I
Екатеринбург;купить речной песок екатеринбург;8;K
Екатеринбург;купить керамзит в екатеринбурге в мешках цена;8;K
Екатеринбург;купить гальку в екатеринбурге недорого;8;K
Екатеринбург;щебень 5 10 щебень екатеринбург;7;I
Екатеринбург;щебень 5 10 купить екатеринбург;7;K
Екатеринбург;сертификат пгс екатеринбург;7;I
Екатеринбург;сахар песок екатеринбург;7;I
Екатеринбург;песок купить в мешках екатеринбург купить;7;K
Екатеринбург;купить щебень 5 20 с доставкой в екатеринбурге;7;K
Екатеринбург;купить сахарный песок в екатеринбурге;7;K
Екатеринбург;кофе на песке екатеринбург;7;I
Екатеринбург;галька речная екатеринбург;7;I
Екатеринбург;галька купить екатеринбург;7;K
Екатеринбург;цена керамзита за куб в екатеринбурге;6;K
Екатеринбург;студия с песком екатеринбург;6;I
Екатеринбург;сахар песок цена екатеринбург за 1 кг в магните сегодня;6;K
Екатеринбург;пгс екатеринбург обучение;6;I
Екатеринбург;ооо пгс систем екатеринбург;6;I
Екатеринбург;купить щебень в екатеринбурге 40 70;6;K
Екатеринбург;купить белый щебень екатеринбург;6;K
Екатеринбург;кварцевый песок для пескоструя купить в екатеринбурге;6;K
Екатеринбург;карьеры щебня в свердловской области;6;I
Екатеринбург;карьер екатеринбург щебень;6;I
Екатеринбург;инертные материалы екатеринбург;6;I
Екатеринбург;гравий купить в екатеринбурге для садовых дорожек;6;K
Екатеринбург;щебень песок отсев в екатеринбурге;5;I
Екатеринбург;щебень 5 20 с доставкой екатеринбург;5;K
Екатеринбург;сыпучие строительные материалы купить в екатеринбурге;5;K
Екатеринбург;стоимость щебня в екатеринбурге;5;K
Екатеринбург;песок речной в мешках купить екатеринбург;5;K
Екатеринбург;пгс строительная компания екатеринбург;5;I
Екатеринбург;пгс специальность в екатеринбурге;5;I
Екатеринбург;отсев екатеринбург;5;I
Екатеринбург;отсев в екатеринбурге;5;I
Екатеринбург;модифицированный песок для заполнения швов тротуарной плитки купить в екатеринбурге;5;K
Екатеринбург;купить гравий для дорожек в екатеринбурге;5;K
Екатеринбург;кварцевый песок купить екатеринбург;5;K
Екатеринбург;доставка песка и щебня в екатеринбурге;5;K
Екатеринбург;доставка отсева в екатеринбурге;5;K
Екатеринбург;добыча песка свердловская область;5;I
Екатеринбург;где купить в екатеринбурге песок для пескоструя;5;K
Екатеринбург;галька купить в екатеринбурге морская;5;K
Екатеринбург;битумная эмульсия для асфальтовой крошки купить в екатеринбурге;5;K
Екатеринбург;щебень гранитный екатеринбург;4;I
Екатеринбург;щебенка купить екатеринбург;4;K
Екатеринбург;шлаковый щебень екатеринбург;4;I
Екатеринбург;производство керамзита в екатеринбурге;4;I
Екатеринбург;песчано гравийная смесь купить в екатеринбурге;4;K
Екатеринбург;песчано гравийная смесь екатеринбург;4;I
Екатеринбург;пгс вуз екатеринбург;4;I
Екатеринбург;отсев щебня купить екатеринбург;4;K
Екатеринбург;отсев щебень екатеринбург;4;I
Екатеринбург;мраморная галька белая купить екатеринбург;4;K
Екатеринбург;купить щебень екб;4;K
Екатеринбург;купить пгс в екатеринбурге с доставкой цена;4;K
Екатеринбург;купить отсев в екатеринбурге с доставкой в мешках;4;K
Екатеринбург;купить отсев в богдановиче свердловской области;4;K
Екатеринбург;купить декоративную гальку для сада в екатеринбурге;4;K
Екатеринбург;керамзит цена екатеринбург;4;K
Екатеринбург;керамзит купить в екатеринбурге цена куб;4;K
Екатеринбург;камышловский песок в екатеринбурге купить;4;K
Екатеринбург;екатеринбург пгс сервис;4;I
Екатеринбург;доставка щебня екб;4;K
Екатеринбург;доставка песка екатеринбург;4;K
Екатеринбург;добыча песка в карьере в свердловской области;4;I
Екатеринбург;декоративный щебень купить екатеринбург;4;K
Екатеринбург;гранитный щебень в екатеринбурге;4;I
Екатеринбург;щпс купить в екатеринбурге;3;K
Екатеринбург;щебень купить лесной свердловская область;3;K
Екатеринбург;щебень купить в екатеринбурге недорого с доставкой;3;K
Екатеринбург;щебень екатеринбург купить цена;3;K
Екатеринбург;щебень гранитный купить свердловская область;3;K
Екатеринбург;щебень гранитный 20 40 екатеринбург;3;I
Екатеринбург;щебень 5 20 купить в екатеринбурге;3;K
Екатеринбург;щебеночно песчаная смесь купить екатеринбург;3;K
Екатеринбург;щебенку купить в екатеринбурге;3;K
Екатеринбург;стоимость щебня за куб с доставкой в екатеринбурге;3;K
Екатеринбург;стеклянный песок купить в екатеринбурге;3;K
Екатеринбург;сколько стоит керамзит в екатеринбурге;3;K
Екатеринбург;скальный грунт екатеринбург;3;I
Екатеринбург;сахар песок купить в екатеринбурге 50 кг;3;K
Екатеринбург;раствор на отсеве екатеринбург;3;I
Екатеринбург;песок сертификат свердловская область;3;I
Екатеринбург;песок речной для огорода купить в екатеринбурге;3;K
Екатеринбург;песок речной в биг бэгах купить в екатеринбурге;3;K
Екатеринбург;песок купить в березовском свердловской области;3;K
Екатеринбург;пгс мчс екатеринбург;3;I
Екатеринбург;пгс екб;3;I
Екатеринбург;пгс в екатеринбурге;3;I
Екатеринбург;отсев доставка екатеринбург;3;K
Екатеринбург;мраморный песок екатеринбург;3;I
Екатеринбург;купить щебень в артемовском свердловской области;3;K
Екатеринбург;купить речной песок свердловская область;3;K
Екатеринбург;купить речной песок в свердловской области;3;K
Екатеринбург;купить речной песок в березовском свердловской области;3;K
Екатеринбург;купить мраморный щебень в екатеринбурге в мешках;3;K
Екатеринбург;купить мраморный отсев в екатеринбурге;3;K
Екатеринбург;купить керамзит в мешках екатеринбург;3;K
Екатеринбург;колледж пгс екатеринбург;3;I
Екатеринбург;керамзит купить оптом екатеринбург;3;K
Екатеринбург;керамзит в мешках в екатеринбурге;3;I
Екатеринбург;керамзит березовский свердловская область;3;I
Екатеринбург;карьеры свердловской области песок;3;I
Екатеринбург;карьеры в екатеринбурге щебень;3;I
Екатеринбург;карьер с песком екатеринбург;3;I
Екатеринбург;карьер песок екатеринбург;3;I
Екатеринбург;карьер песка екатеринбург;3;I
Екатеринбург;заказать песок екатеринбург;3;K
Екатеринбург;екатеринбург продажа щебня;3;K
Екатеринбург;екатеринбург купить гравий;3;K
Екатеринбург;доставка нерудных материалов екатеринбург;3;K
Екатеринбург;декоративный щебень екатеринбург;3;I
Екатеринбург;где набрать песка в екатеринбурге;3;I
Екатеринбург;где купить щебень екатеринбург;3;K
Екатеринбург;где добывают песок в свердловской области;3;I
Екатеринбург;галька речная екатеринбург купить;3;K
Екатеринбург;галька екатеринбург;3;I
Екатеринбург;волейбол на песке екатеринбург;3;I
Екатеринбург;асфальтовая крошка купить екатеринбург;3;K
Екатеринбург;асфальтная крошка купить екатеринбург;3;K
Екатеринбург;асфальтная крошка екатеринбург;3;I
Нижний Тагил;галька речная купить в нижнем тагиле;77;K
Нижний Тагил;керамзит нт нижний тагил;61;I
Нижний Тагил;щебень нижний тагил;41;I
Нижний Тагил;щебень купить в нижнем тагиле;36;K
Нижний Тагил;купить щебень в нижнем тагиле с доставкой цена за тонну;32;K
Нижний Тагил;щебень нижний тагил цена с доставкой купить недорого;25;K
Нижний Тагил;щебень цена с доставкой нижний тагил;24;K
Нижний Тагил;купить песок в нижнем тагиле речной;23;K
Нижний Тагил;щебень купить нижний тагил;21;K
Нижний Тагил;керамзит нт нижний тагил сайт;21;I
Нижний Тагил;купить песок в нижнем тагиле;20;K
Нижний Тагил;керамзит купить в нижнем тагиле;18;K
Нижний Тагил;щебень в нижнем тагиле цена купить с доставкой;15;K
Нижний Тагил;песок купить нижний тагил;11;K
Нижний Тагил;купить отсев нижний тагил;11;K
Нижний Тагил;керамзит нт нижний тагил сайт каталог;11;I
Нижний Тагил;песок нижний тагил;10;I
Нижний Тагил;керамзит нижний тагил;9;I
Нижний Тагил;ооо тагильский щебень;8;I
Нижний Тагил;купить щебень с доставкой в нижнем тагиле;8;K
Нижний Тагил;купить отсев в нижнем тагиле;8;K
Нижний Тагил;нижний тагил щебень цена;6;K
Нижний Тагил;керамзит нт в нижнем тагиле;6;I
Нижний Тагил;керамзит в нижнем тагиле;6;I
Нижний Тагил;нижний тагил речной песок купить;5;K
Нижний Тагил;купить песок в нижнем тагиле в мешках;5;K
Нижний Тагил;купить отсев н тагил;5;K
Нижний Тагил;купить кварцевый песок в нижнем тагиле;5;K
Нижний Тагил;галька нижний тагил цена с доставкой;5;K
Нижний Тагил;шлаковый щебень нижний тагил купить;4;K
Нижний Тагил;купить речную гальку в нижнем тагиле;4;K
Нижний Тагил;щебень в тагиле;3;I
Нижний Тагил;щебень 20 40 нижний тагил;3;I
Нижний Тагил;щебенка купить нижний тагил;3;K
Нижний Тагил;уральский щебень нижний тагил;3;I
Нижний Тагил;сколько стоит щебень в нижнем тагиле;3;K
Нижний Тагил;нижний тагил пгс;3;I
Нижний Тагил;купить песок для пескоструя в нижнем тагиле;3;K
Нижний Тагил;купить гравий нижний тагил;3;K
Нижний Тагил;доставка щебня в нижнем тагиле;3;K
Первоуральск;купить щебень в первоуральске;31;K
Первоуральск;керамзит купить в первоуральске;30;K
Первоуральск;щебень первоуральск цена с доставкой;23;K
Первоуральск;щебень первоуральск;21;I
Первоуральск;первоуральск щебень цена;15;K
Первоуральск;песок первоуральск;13;I
Первоуральск;отсев первоуральск;11;I
Первоуральск;первоуральское рудоуправление щебень;8;I
Первоуральск;купить песок в первоуральске;8;K
Первоуральск;песок купить первоуральск;6;K
Первоуральск;купить речной песок в первоуральске;6;K
Первоуральск;купить отсев в первоуральске;6;K
Первоуральск;щебень отсев первоуральск;5;I
Первоуральск;щебень в первоуральске;5;I
Первоуральск;отсев в первоуральске;5;I
Первоуральск;купить отсев первоуральск;5;K
Первоуральск;песок речной в первоуральске;4;I
Первоуральск;первоуральский щебень;4;I
Первоуральск;керамзит первоуральск;3;I
Полевской;купить щебень в полевском;37;K
Полевской;щебень полевской цена с доставкой;20;K
Полевской;песок в полевском;13;I
Полевской;купить керамзит в полевском;13;K
Полевской;мраморный щебень полевской;11;I
Полевской;песок речной купить в полевском;10;K
Полевской;отсев купить в полевском;9;K
Полевской;мраморный щебень в полевском купить;9;K
Полевской;щебенка полевской;8;I
Полевской;купить щебень полевской;8;K
Полевской;щебень полевской;6;I
Полевской;отсев купить полевской;5;K
Полевской;отсев в полевском;5;I
Полевской;щебень мраморный в полевском;3;I
Полевской;полевской керамзит купить;3;K
Полевской;отсев полевской;3;I
Полевской;купить речной песок полевской;3;K
Каменск-Уральский;купить щебень в каменске уральском с доставкой;29;K
Каменск-Уральский;керамзит купить в каменске уральском;28;K
Каменск-Уральский;каменск уральский щебень;20;I
Каменск-Уральский;щебень каменск уральский купить;14;K
Каменск-Уральский;купить щебень в каменске уральском;14;K
Каменск-Уральский;купить песок в каменске уральском;12;K
Каменск-Уральский;каменск уральский купить щебень с доставкой;12;K
Каменск-Уральский;песок купить каменск уральский;8;K
Каменск-Уральский;отсев каменск уральский;4;I
Каменск-Уральский;купить отсев в каменске уральском;4;K
Каменск-Уральский;песок цена каменск уральский;3;K
Каменск-Уральский;керамзит купить каменск уральский;3;K
Качканар;качканар щебень;53;I
Качканар;щебень качканар 5 20;29;I
Качканар;качканарский щебень;14;I
Качканар;качканар гранитная крошка;11;I
Качканар;щебень купить в качканаре;7;K
Качканар;щебень купить качканар;5;K
Качканар;щебень качканар фото;5;I
Качканар;отсев в качканаре купить;3;K
Качканар;качканар отсев;3;I
Богданович;богдановичский керамзит ооо;17;I
Богданович;богдановичский керамзит;16;I
Богданович;бочкарихинский карьер богданович песок;14;I
Богданович;отсев богданович;9;I
Богданович;богдановичский керамзит официальный сайт;7;I
Богданович;богданович щебень;7;I
Богданович;богданович карьер щебень;7;I
Богданович;купить щебень в богдановиче;6;K
Богданович;керамзит богданович;6;I
Богданович;богданович купить щебень;5;K
Богданович;песок щебень в богдановиче;4;I
Богданович;купить песок в богдановиче;4;K
Богданович;карьер богданович щебень официальный сайт;4;I
Богданович;песок в богдановиче;3;I
Богданович;общество с ограниченной ответственностью богдановичский керамзит;3;I
Богданович;купить отсев в богдановиче;3;K
Богданович;богдановический керамзит;3;I
Ревда;керамзит купить в ревде;19;K
Ревда;ревда щебень;18;I
Ревда;щебень купить в ревде;15;K
Ревда;купить песок в ревде;11;K
Ревда;карьер ревда щебень;8;I
Ревда;купить щебень ревда;7;K
Ревда;купить песок речной ревда;7;K
Ревда;отсев ревда купить;5;K
Ревда;отсев ревда;5;I
Ревда;керамзит в ревде;4;I
Ревда;щебень в ревде;3;I
Ревда;щебень белый купить в ревде;3;K
Ревда;ревда песок;3;I
Ревда;купить отсев в мешках в ревде;3;K
Новоуральск;щебень новоуральск;37;I
Новоуральск;щебень купить в новоуральске;23;K
Новоуральск;керамзит купить в новоуральске;19;K
Новоуральск;щебень отсев в новоуральске;17;I
Новоуральск;купить песок в новоуральске;5;K
Новоуральск;новоуральск купить щебень;4;K
Новоуральск;песок речной в новоуральске;3;I
Новоуральск;купить отсев в новоуральске;3;K
Кушва;керамзит кушва завод официальный сайт;29;I
Кушва;кушва керамзит;21;I
Кушва;купить керамзит в кушве;12;K
Кушва;щебень кушва;9;I
Кушва;купить щебень в кушве;7;K
Кушва;кушва купить щебень;6;K
Кушва;кушвинский завод керамзита;4;I
Кушва;купить песок кушва;4;K
Кушва;ооо кушвинский щебень;3;I
Кушва;кушвинский щебень;3;I
Кушва;керамзит кушвинский;3;I
Михайловск;щебень михайловск;20;I
Михайловск;отсев михайловск купить;15;K
Михайловск;песок михайловск;11;I
Михайловск;отсев михайловск;10;I
Михайловск;щебень михайловск купить;6;K
Михайловск;пгс михайловск;6;I
Михайловск;пгс купить в михайловске;5;K
Михайловск;керамзит михайловск;5;I
Михайловск;песок михайловский;3;I
Михайловск;песок михайловск купить;3;K
Михайловск;отсев михайловск в мешках;3;I
Михайловск;отсев купить в михайловске;3;K
Михайловск;купить отсев в мешках в михайловске;3;K
Михайловск;купить гравий в михайловске;3;K
Асбест;щебень купить в асбесте;36;K
Асбест;асбест щебень;11;I
Асбест;асбестовый щебень;10;I
Асбест;купить керамзит в асбесте;7;K
Асбест;щебень в асбесте с доставкой купить;5;K
Асбест;песок купить в асбесте;5;K
Асбест;купить керамзит асбест;5;K
Асбест;асбест песок;5;I
Асбест;щебень асбест купить;3;K
Асбест;песок асбест купить;3;K
Асбест;купить отсев в асбесте;3;K
Берёзовский;погода в песках березовский район брестской области;39;I
Берёзовский;щебень в березовском купить;13;K
Берёзовский;щебень березовский;11;I
Берёзовский;песок березовский;10;I
Берёзовский;песок в березовском;5;I
Берёзовский;речной песок купить в березовском;4;K
Берёзовский;купить отсев в березовском;4;K
Берёзовский;щебень в березовском;3;I
Берёзовский;щебень березовский купить;3;K
Ирбит;купить щебень в ирбите;15;K
Ирбит;песок купить в ирбите;8;K
Ирбит;щебень купить ирбит;7;K
Ирбит;купить отсев ирбит;6;K
Ирбит;щебень ирбит;5;I
Ирбит;отсев ирбит;5;I
Ирбит;купить отсев в ирбите;5;K
Ирбит;ирбит песок;4;I
Ирбит;щебень ирбитский тракт;3;I
Ирбит;щебень в ирбите;3;I
Ирбит;песок в ирбите;3;I
Ирбит;керамзит купить ирбит;3;K
Заречный;пгс сервис заречный официальный сайт;26;I
Заречный;ооо пгс сервис г заречный официальный сайт;16;I
Заречный;заречный пгс сервис;14;I
Заречный;пгс заречный;6;I
Заречный;пгс гсо заречный;3;I
Верхняя Пышма;щебень купить в верхней пышме;15;K
Верхняя Пышма;щебень верхняя пышма;15;I
Верхняя Пышма;отсев верхняя пышма;9;I
Верхняя Пышма;песок купить в верхней пышме;6;K
Верхняя Пышма;песок речной купить в верхней пышме;4;K
Верхняя Пышма;отсев купить верхняя пышма;4;K
Верхняя Пышма;отсев в верхней пышме;4;I
Верхняя Пышма;скала щебень верхняя пышма;3;I
Красноуфимск;красноуфимск пгс;14;I
Красноуфимск;песок купить в красноуфимске;8;K
Красноуфимск;купить щебень в красноуфимске;6;K
Красноуфимск;красноуфимский гравий;6;I
Красноуфимск;керамзит красноуфимск;5;I
Красноуфимск;купить гравий в красноуфимске;4;K
Красноуфимск;красноуфимск щебень;4;I
Красноуфимск;ооо красноуфимский гравий;3;I
Красноуфимск;кск66 красноуфимск гравий;3;I
Красноуфимск;гравий красноуфимск;3;I
Камышлов;никольский карьер камышловский песок;14;I
Камышлов;купить песок в камышлове;10;K
Камышлов;щебень купить в камышлове;9;K
Камышлов;щебень камышлов;6;I
Камышлов;песок камышловский;5;I
Камышлов;купить щебень камышлов;4;K
Камышлов;камышлов песок;4;I
Камышлов;камышлов песок купить;3;K
Арамиль;щебень арамиль;11;I
Арамиль;щебень купить арамиль;7;K
Арамиль;щебень в арамиле;3;I
Арамиль;песок арамиль;3;I
Арамиль;отсев доставка арамиль;3;K
Арамиль;купить песок в арамиле;3;K
Арамиль;купить отсев в арамиле;3;K
Арамиль;асфальтовая крошка арамиль;3;I
Арамиль;арамиль отсев;3;I
Реж;купить отсев в реже;11;K
Реж;купить щебень в реже;8;K
Реж;щебень реж;6;I
Реж;купить керамзит в реже;6;K
Реж;отсев в реже;3;I
Реж;купить отсев реж;3;K
Сысерть;щебень в сысерти купить;23;K
Сысерть;щебень в сысерти;4;I
Сысерть;купить песок в сысерти;3;K
Серов;купить керамзит г серов;7;K
Серов;керамзит купить в серове;6;K
Серов;песок в серове;4;I
Серов;купить щебень в серове;3;K
Серов;керамзит купить серов;3;K
Невьянск;купить песок в невьянске;11;K
Невьянск;щебень невьянск;4;I
Невьянск;отсев невьянск;4;I
Невьянск;песок невьянск;3;I
Дегтярск;щебень дегтярск;10;I
Дегтярск;песок дегтярск;4;I
Дегтярск;отсев дегтярск;3;I
Дегтярск;купить щебень дегтярск;3;K
Верхняя Салда;купить щебень в верхней салде;7;K
Верхняя Салда;верхняя салда песок;5;I
Верхняя Салда;щебень верхняя салда;4;I
Верхняя Салда;купить отсев в верхней салде;3;K
Сухой Лог;купить керамзит в сухом логу свердловской области;4;K
Сухой Лог;сухой лог купить щебень;3;K
Сухой Лог;купить керамзит сухой лог;3;K
Сухой Лог;керамзит в сухом логу цена;3;K
Билимбай;билимбай щебень;9;I
Билимбай;купить щебень в билимбае;3;K
Алапаевск;щебень в алапаевске;4;I
Алапаевск;щебень алапаевск;4;I
Алапаевск;песок алапаевск;3;I
Горный Щит;щебень горный щит;7;I
Горный Щит;отсев купить в екатеринбурге горный щит;3;K
Артёмовский;щебень артемовский;4;I
Артёмовский;отсев артемовский;3;I
Артёмовский;купить щебень в артемовском;3;K
Краснотурьинск;щебень краснотурьинск;3;I
Краснотурьинск;песок краснотурьинск купить;3;K
Краснотурьинск;купить щебень в краснотурьинске;3;K
Верхний Тагил;керамзит верхний тагил;7;I
Талица;купить щебень в талице;3;K
Среднеуральск;щебень среднеуральск;3;I
