запрос;частота WS;материал;интент
доставка щебня екатеринбург;1351;Щебень;Купить/доставка
купить щебень в екатеринбурге с доставкой;763;Щебень;Купить/доставка
доставка щебня екатеринбург цена;706;Щебень;Цена
щебень купить в екатеринбурге с доставкой цена;443;Щебень;Цена
доставка щебня нижний тагил;305;Щебень;Купить/доставка
доставка щебня 20 40 екатеринбург;275;Щебень;Купить/доставка
щебень нижний тагил цена с доставкой;234;Щебень;Цена
куб щебня с доставкой в екатеринбурге цена;232;Щебень;Цена
доставка песка екатеринбург;206;Песок;Купить/доставка
щебень нижний тагил цена с доставкой купить;193;Щебень;Цена
купить песок в екатеринбурге с доставкой;134;Песок;Купить/доставка
купить песок в екатеринбурге с доставкой цена;84;Песок;Цена
доставка щебня первоуральск;81;Щебень;Купить/доставка
щебень полевской цена с доставкой;75;Щебень;Цена
песок доставка цена за куб екатеринбург;74;Песок;Цена
ирбит доставка щебня;58;Щебень;Купить/доставка
щебень первоуральск цена с доставкой;53;Щебень;Цена
каменск уральский щебень доставка;46;Щебень;Купить/доставка
доставка щебня ревда;37;Щебень;Купить/доставка
щебень березовский доставка;29;Щебень;Купить/доставка
щебень в мешках с доставкой екатеринбург;28;Щебень;Купить/доставка
камаз щебня цена с доставкой екатеринбург;27;Щебень;Цена
ирбит доставка щебня и песка;26;Песок;Купить/доставка
доставка щебня арамиль;18;Щебень;Купить/доставка
доставка щебня билимбай свердловская;17;Щебень;Купить/доставка
щебень отсев купить с доставкой в екатеринбурге;16;Отсев;Купить/доставка
купить щебень с доставкой среднеуральск;16;Щебень;Купить/доставка
заказать щебень с доставкой в екатеринбурге;16;Щебень;Купить/доставка
купить щебень в каменске уральском с доставкой;16;Щебень;Купить/доставка
доставка песка богданович;14;Песок;Купить/доставка
доставка щебня город ирбит;13;Щебень;Купить/доставка
доставка щебня богданович;12;Щебень;Купить/доставка
"""щебень 20 40 цена за 1 м3 с доставкой екатеринбург горный щит""";12;Щебень;Цена
"""щебень 20 40 цена за 1 м3 с доставкой верхняя пышма""";11;Щебень;Цена
"""щебень 20 40 цена за 1 м3 с доставкой горный щит""";11;Щебень;Цена
"""купить щебень в екатеринбурге 20 40 с доставкой цена за куб""";11;Щебень;Цена
доставка карьерного песка екатеринбург;11;Песок;Купить/доставка
"""щебень 20 40 цена за 1 м3 с доставкой екатеринбург""";10;Щебень;Цена
"""щебень 20 40 цена за 1 м3 с доставкой березовский""";10;Щебень;Цена
"""купить щебень в екатеринбурге с доставкой цена за куб екатеринбург""";10;Щебень;Цена
"""щебень 20 40 цена за 1 м3 с доставкой первоуральск""";10;Щебень;Цена
"""щебень 5 20 цена за куб с доставкой верхняя пышма""";10;Щебень;Цена
"""купить с доставкой щебень в екатеринбурге с доставкой цена за""";10;Щебень;Цена
"""щебень купить екатеринбург с доставкой цена за куб в екатеринбурге""";10;Щебень;Цена
"""щебень купить в екатеринбурге с доставкой цена за куб екатеринбург""";10;Щебень;Цена
"""щебень 20 40 цена за куб с доставкой в екатеринбурге""";10;Щебень;Цена
"""щебень 5 20 цена за куб с доставкой в екатеринбурге""";10;Щебень;Цена
"""щебень 20 40 купить екатеринбург с доставкой цена за куб""";10;Щебень;Цена
"""купить щебень 20 40 в екатеринбурге с доставкой цена за""";10;Щебень;Цена
"""купить песок в екатеринбурге с доставкой цена за куб екатеринбург""";10;Песок;Цена
"""песок речной купить в екатеринбурге с доставкой цена за куб""";10;Песок;Цена
"""песок купить в екатеринбурге с доставкой цена за куб екатеринбург""";10;Песок;Цена
"""песок купить в екатеринбурге с доставкой цена за куб речной""";10;Песок;Цена
"""купить речной песок в екатеринбурге с доставкой цена за куб""";10;Песок;Цена
"""купить речной песок с доставкой в екатеринбурге цена за куб""";10;Песок;Цена
"""купить песок в екатеринбурге речной с доставкой цена за куб""";10;Песок;Цена
"""купить песок речной в екатеринбурге с доставкой цена за куб""";10;Песок;Цена
"""купить песок в екатеринбурге с доставкой цена за куб речной""";10;Песок;Цена
"""речной песок купить в екатеринбурге с доставкой цена за куб""";10;Песок;Цена
доставка щебня березовский свердловская область;9;Щебень;Купить/доставка
"""щебень 5 20 цена за куб с доставкой екатеринбург""";9;Щебень;Цена
"""купить щебень в екатеринбурге с доставкой цена за куб""";9;Щебень;Цена
"""щебень купить в екатеринбурге с доставкой цена за куб""";9;Щебень;Цена
"""купить щебень и отсев в екатеринбурге с доставкой цена""";9;Отсев;Цена
"""щебень цена екатеринбург за м3 с доставкой 20 40""";9;Щебень;Цена
"""щебень екатеринбург цена с доставкой 20 40 за 1""";9;Щебень;Цена
"""щебень 20 40 цена за м3 с доставкой екатеринбург""";9;Щебень;Цена
"""щебень купить екатеринбург с доставкой цена за куб екатеринбург""";9;Щебень;Цена
"""купить щебень 5 20 в екатеринбурге с доставкой цена""";9;Щебень;Цена
"""купить щебень в екатеринбурге 5 20 с доставкой цена""";9;Щебень;Цена
"""купить щебень в екатеринбурге с доставкой цена 5 20""";9;Щебень;Цена
"""щебень 20 40 цена за куб с доставкой екатеринбург""";9;Щебень;Цена
"""щебень купить в екатеринбурге с доставкой цена 5 20""";9;Щебень;Цена
"""купить щебень в екатеринбурге с доставкой 20 40 цена""";9;Щебень;Цена
"""купить щебень в екатеринбурге с доставкой цена 20 40""";9;Щебень;Цена
"""купить щебень в екатеринбурге 20 40 с доставкой цена""";9;Щебень;Цена
"""щебень 70 цена за 1 м3 с доставкой екатеринбург""";9;Щебень;Цена
"""щебень купить в екатеринбурге с доставкой цена 20 40""";9;Щебень;Цена
"""щебень 20 40 в екатеринбурге с доставкой цена за""";9;Щебень;Цена
"""купить щебень 20 40 в екатеринбурге с доставкой цена""";9;Щебень;Цена
"""купить щебень гранитный 5 20 с доставкой в екатеринбурге""";9;Щебень;Купить/доставка
доставка песка богданович свердловская область;9;Песок;Купить/доставка
"""купить песок в екатеринбурге с доставкой цена за куб""";9;Песок;Цена
"""купить песок в мешках в екатеринбурге с доставкой цена""";9;Песок;Цена
"""песок речной цена за 1 м3 с доставкой екатеринбург""";9;Песок;Цена
"""песок купить в екатеринбурге с доставкой цена за куб""";9;Песок;Цена
"""речной песок купить в екатеринбурге с доставкой куб цена""";9;Песок;Цена
"""песок речной купить в екатеринбурге с доставкой цена за""";9;Песок;Цена
"""песок речной с доставкой цена за куб в екатеринбурге""";9;Песок;Цена
"""купить речной песок в екатеринбурге с доставкой цена за""";9;Песок;Цена
"""купить песок речной в екатеринбурге с доставкой цена за""";9;Песок;Цена
"""купить песок в екатеринбурге с доставкой цена в мешках""";9;Песок;Цена
камаз щебня цена с доставкой полевской;8;Щебень;Цена
"""щебень нижний тагил цена с доставкой купить недорого""";8;Щебень;Цена
"""щебень 20 40 купить в екатеринбурге с доставкой""";8;Щебень;Купить/доставка
"""купить щебень 5 20 с доставкой в екатеринбурге""";8;Щебень;Купить/доставка
"""стоимость щебня за куб с доставкой в екатеринбурге""";8;Щебень;Цена
"""щебень цена за 1 м3 с доставкой екатеринбург""";8;Щебень;Цена
"""цена щебня за 1 м3 с доставкой екатеринбург""";8;Щебень;Цена
"""щебень купить екатеринбург с доставкой цена за куб""";8;Щебень;Цена
"""щебень екатеринбург цена с доставкой за куб купить""";8;Щебень;Цена
"""щебень цена за куб с доставкой в екатеринбурге""";8;Щебень;Цена
"""цена щебня за куб с доставкой в екатеринбурге""";8;Щебень;Цена
"""щебень цена за куб в екатеринбурге с доставкой""";8;Щебень;Цена
"""купить щебень в екатеринбурге с доставкой цена за""";8;Щебень;Цена
"""щебень цена за тонну с доставкой нижний тагил""";8;Щебень;Цена
"""купить щебень 5 20 в екатеринбурге с доставкой""";8;Щебень;Купить/доставка
"""купить щебень в екатеринбурге 20 40 с доставкой""";8;Щебень;Купить/доставка
"""купить щебень 20 40 в екатеринбурге с доставкой""";8;Щебень;Купить/доставка
"""купить щебень в екатеринбурге с доставкой 20 40""";8;Щебень;Купить/доставка
"""купить щебень 20 40 с доставкой в екатеринбурге""";8;Щебень;Купить/доставка
"""щебень купить екатеринбург с доставкой 20 40 цена""";8;Щебень;Цена
"""щебень с доставкой екатеринбург цена 20 40 купить""";8;Щебень;Цена
"""щебень екатеринбург цена с доставкой 20 40 купить""";8;Щебень;Цена
"""щебень 20 40 в екатеринбурге с доставкой цена""";8;Щебень;Цена
"""щебень 20 40 купить екатеринбург с доставкой цена""";8;Щебень;Цена
"""щебень 20 40 с доставкой в екатеринбурге цена""";8;Щебень;Цена
"""щебень 20 40 нижний тагил цена с доставкой""";8;Щебень;Цена
"""цена за тонну щебня с доставкой в екатеринбурге""";8;Щебень;Цена
"""купить щебень в мешках в екатеринбурге с доставкой""";8;Щебень;Купить/доставка
"""песок речной купить в екатеринбурге с доставкой цена""";8;Песок;Цена
"""цена песок в екатеринбурге с доставкой цена за""";8;Песок;Цена
"""песок цена за куб с доставкой в екатеринбурге""";8;Песок;Цена
"""купить речной песок в екатеринбурге с доставкой цена""";8;Песок;Цена
"""купить песок в екатеринбурге речной с доставкой цена""";8;Песок;Цена
"""купить песок речной в екатеринбурге с доставкой цена""";8;Песок;Цена
"""речной песок купить в екатеринбурге с доставкой цена""";8;Песок;Цена
"""речной песок купить в екатеринбурге с доставкой куб""";8;Песок;Купить/доставка
"""песок речной с доставкой цена за куб екатеринбург""";8;Песок;Цена
"""речной песок цена за куб с доставкой екатеринбург""";8;Песок;Цена
"""песок в мешках купить в екатеринбурге с доставкой""";8;Песок;Купить/доставка
"""купить песок в мешках в екатеринбурге с доставкой""";8;Песок;Купить/доставка
"""купить песок в екатеринбурге в мешках с доставкой""";8;Песок;Купить/доставка
"""купить песок в мешках с доставкой в екатеринбурге""";8;Песок;Купить/доставка
ирбит доставка щебня и песка быстрая;7;Песок;Купить/доставка
щебень речной купить нижний тагил с доставкой;7;Щебень;Купить/доставка
"""купить пгс в екатеринбурге с доставкой цена""";7;ПГС;Цена
"""купить щебень в екатеринбурге с доставкой цена""";7;Щебень;Цена
"""купить щебень в каменске уральском с доставкой""";7;Щебень;Купить/доставка
"""щебень купить в екатеринбурге с доставкой цена""";7;Щебень;Цена
"""щебень нижний тагил цена с доставкой купить""";7;Щебень;Цена
"""купить щебень в березовский с доставкой цена""";7;Щебень;Цена
"""белый щебень купить в екатеринбурге с доставкой""";7;Щебень;Купить/доставка
"""цена щебня за куб с доставкой екатеринбург""";7;Щебень;Цена
"""щебень цена екатеринбург за м3 с доставкой""";7;Щебень;Цена
"""щебень екатеринбург цена с доставкой 20 40""";7;Щебень;Цена
"""щебень с доставкой екатеринбург 20 40 цена""";7;Щебень;Цена
"""щебень 20 40 цена екатеринбург с доставкой""";7;Щебень;Цена
"""щебень 20 40 екатеринбург цена с доставкой""";7;Щебень;Цена
"""щебень 20 40 цена с доставкой екатеринбург""";7;Щебень;Цена
"""доставка щебень в екатеринбурге с доставкой цена""";7;Щебень;Цена
"""цены щебень в екатеринбурге с доставкой цена""";7;Щебень;Цена
"""купит щебень в екатеринбурге с доставкой цена""";7;Щебень;Цена
"""куплю щебень в екатеринбурге с доставкой цена""";7;Щебень;Цена
"""щебень с доставкой екатеринбург цена за куб""";7;Щебень;Цена
"""щебень цена екатеринбург с доставкой за куб""";7;Щебень;Цена
"""щебень с доставкой цена за куб екатеринбург""";7;Щебень;Цена
"""щебень цена за куб с доставкой екатеринбург""";7;Щебень;Цена
"""щебень купить нижний тагил с доставкой цена""";7;Щебень;Цена
"""купить щебень нижний тагил с доставкой цена""";7;Щебень;Цена
"""щебень нижний тагил купить с доставкой цена""";7;Щебень;Цена
"""щебень екатеринбург цена с доставкой 5 20""";7;Щебень;Цена
"""щебень 5 20 с доставкой цена екатеринбург""";7;Щебень;Цена
"""щебень 5 20 екатеринбург цена с доставкой""";7;Щебень;Цена
"""купить щебень в каменск уральске с доставкой""";7;Щебень;Купить/доставка
"""купить щебень с доставкой в каменск уральске""";7;Щебень;Купить/доставка
"""щебень купить в каменске уральском с доставкой""";7;Щебень;Купить/доставка
"""щебень с доставкой екатеринбург 5 20 купить""";7;Щебень;Купить/доставка
"""щебень екатеринбург с доставкой 20 40 купить""";7;Щебень;Купить/доставка
"""щебень 5 20 купить екатеринбург с доставкой""";7;Щебень;Купить/доставка
"""купить щебень 5 20 с доставкой екатеринбург""";7;Щебень;Купить/доставка
"""купить щебень екатеринбург с доставкой 20 40""";7;Щебень;Купить/доставка
"""щебень в мешках с доставкой в екатеринбурге""";7;Щебень;Купить/доставка
"""щебень 20 40 с доставкой в екатеринбурге""";7;Щебень;Купить/доставка
"""щебень 20 40 купить екатеринбург с доставкой""";7;Щебень;Купить/доставка
"""купить щебень 20 40 с доставкой екатеринбург""";7;Щебень;Купить/доставка
"""щебень с доставкой в березовский свердловской области""";7;Щебень;Купить/доставка
"""щебень фракция 20 40 с доставкой екатеринбург""";7;Щебень;Купить/доставка
"""щебень 40 70 екатеринбург цена с доставкой""";7;Щебень;Цена
"""стоимость щебня за куб с доставкой екатеринбург""";7;Щебень;Цена
"""стоимость щебень за куб с доставкой екатеринбург""";7;Щебень;Цена
"""купить щебень в первоуральске с доставкой цена""";7;Щебень;Цена
"""купить щебень с доставкой в первоуральске цена""";7;Щебень;Цена
"""щебень купить в первоуральске с доставкой цена""";7;Щебень;Цена
"""щебень в мешках екатеринбург цена с доставкой""";7;Щебень;Цена
"""щебень в мешках с доставкой екатеринбург цена""";7;Щебень;Цена
"""щебень в первоуральске с доставкой цена купить""";7;Щебень;Цена
"""щебень купить в екатеринбурге недорого с доставкой""";7;Щебень;Купить/доставка
"""щебень купить в екатеринбурге с доставкой недорого""";7;Щебень;Купить/доставка
"""щебень купить екатеринбург с доставкой в мешках""";7;Щебень;Купить/доставка
"""щебень в мешках купить екатеринбург с доставкой""";7;Щебень;Купить/доставка
"""щебень екатеринбург цена с доставкой горный щит""";7;Щебень;Цена
"""щебень екатеринбург цена за тонну с доставкой""";7;Щебень;Цена
"""щебень екатеринбург цена с доставкой за тонну""";7;Щебень;Цена
"""щебень цена за тонну с доставкой екатеринбург""";7;Щебень;Цена
"""купить щебень в асбесте с доставкой цены""";7;Щебень;Купить/доставка
"""купить щебень в екатеринбурге недорого с доставкой""";7;Щебень;Купить/доставка
"""купить песок в екатеринбурге с доставкой цена""";7;Песок;Цена
"""цена песка за куб с доставкой екатеринбург""";7;Песок;Цена
"""цена песок в екатеринбурге с доставкой цена""";7;Песок;Цена
"""купить песок с доставкой цена в екатеринбурге""";7;Песок;Цена
"""купить песок с доставкой в екатеринбурге цена""";7;Песок;Цена
"""песок купить в екатеринбурге с доставкой цена""";7;Песок;Цена
"""песок цена за куб с доставкой екатеринбург""";7;Песок;Цена
"""песок с доставкой цена за куб екатеринбург""";7;Песок;Цена
"""песок в екатеринбурге с доставкой цена за""";7;Песок;Цена
"""купить речной песок с доставкой екатеринбурге цена""";7;Песок;Цена
"""песок речной с доставкой купить в екатеринбурге""";7;Песок;Купить/доставка
"""песок речной купить в екатеринбурге с доставкой""";7;Песок;Купить/доставка
"""купить речной песок в екатеринбурге с доставкой""";7;Песок;Купить/доставка
"""купить речной песок с доставкой в екатеринбурге""";7;Песок;Купить/доставка
"""купить речной песок с доставкой в екатеринбург""";7;Песок;Купить/доставка
"""куплю речной песок в екатеринбурге с доставкой""";7;Песок;Купить/доставка
"""купить песок речной с доставкой цена екатеринбург""";7;Песок;Цена
"""купить песок речной с доставкой в екатеринбурге""";7;Песок;Купить/доставка
"""купить песок речной в екатеринбурге с доставкой""";7;Песок;Купить/доставка
"""речной песок купить в екатеринбурге с доставкой""";7;Песок;Купить/доставка
"""речной песок купить с доставкой в екатеринбурге""";7;Песок;Купить/доставка
"""песок строительный с доставкой купить в екатеринбурге""";7;Песок;Купить/доставка
"""купить строительный песок с доставкой в екатеринбурге""";7;Песок;Купить/доставка
"""куплю песок строительный с доставкой в екатеринбурге""";7;Песок;Купить/доставка
"""купить песок строительный в екатеринбурге с доставкой""";7;Песок;Купить/доставка
"""песок в мешках с доставкой в екатеринбурге""";7;Песок;Купить/доставка
"""купить песок карьерный с доставкой в екатеринбурге""";7;Песок;Купить/доставка
"""куплю песок карьерный с доставкой в екатеринбурге""";7;Песок;Купить/доставка
доставка щебня ревда краснояр;6;Щебень;Купить/доставка
"""пгс купить в екатеринбурге с доставкой""";6;ПГС;Купить/доставка
"""пгс купить с доставкой в екатеринбурге""";6;ПГС;Купить/доставка
"""купить пгс в екатеринбурге с доставкой""";6;ПГС;Купить/доставка
"""купить пгс с доставкой в екатеринбурге""";6;ПГС;Купить/доставка
"""доставка песка и щебня в екатеринбурге""";6;Песок;Купить/доставка
"""доставка щебня и песка в екатеринбурге""";6;Песок;Купить/доставка
"""купить щебень в екатеринбурге с доставкой""";6;Щебень;Купить/доставка
"""щебень нижний тагил цена с доставкой""";6;Щебень;Цена
"""заказать щебень с доставкой в екатеринбурге""";6;Щебень;Купить/доставка
"""щебень купить в екатеринбурге с доставкой""";6;Щебень;Купить/доставка
"""камаз щебня цена с доставкой екатеринбург""";6;Щебень;Цена
"""каменск уральский купить щебень с доставкой""";6;Щебень;Купить/доставка
"""щебень 5 20 с доставкой екатеринбург""";6;Щебень;Купить/доставка
"""купить щебень в асбесте с доставкой""";6;Щебень;Купить/доставка
"""щебень 20 40 с доставкой екатеринбург""";6;Щебень;Купить/доставка
"""купить щебень екатеринбург с доставкой цена""";6;Щебень;Цена
"""щебень с доставкой верхняя пышма цена""";6;Щебень;Цена
"""щебень екатеринбург с доставкой цена за""";6;Щебень;Цена
"""екатеринбург купить щебень с доставкой в""";6;Щебень;Купить/доставка
"""щебень екатеринбург с доставкой купить в""";6;Щебень;Купить/доставка
"""купить щебень с доставкой в екатеринбург""";6;Щебень;Купить/доставка
"""куплю щебень в екатеринбурге с доставкой""";6;Щебень;Купить/доставка
"""щебень с доставкой екатеринбург 20 40""";6;Щебень;Купить/доставка
"""щебень купить екатеринбург с доставкой цена""";6;Щебень;Цена
"""купить щебень екатеринбург цена с доставкой""";6;Щебень;Цена
"""цена щебня с доставкой в екатеринбурге""";6;Щебень;Цена
"""щебень с доставкой в екатеринбурге цена""";6;Щебень;Цена
"""щебень с доставкой цена в екатеринбурге""";6;Щебень;Цена
"""щебень цена с доставкой в екатеринбурге""";6;Щебень;Цена
"""щебень в екатеринбурге с доставкой цена""";6;Щебень;Цена
"""щебень в екатеринбурге цена с доставкой""";6;Щебень;Цена
"""доставка щебня цена за куб екатеринбург""";6;Щебень;Цена
"""куб щебня цена с доставкой екатеринбург""";6;Щебень;Цена
"""цена куба щебня с доставкой екатеринбург""";6;Щебень;Цена
"""нижний тагил щебень цена с доставкой""";6;Щебень;Цена
"""купить щебень с доставкой нижний тагил""";6;Щебень;Купить/доставка
"""щебень с доставкой цена нижний тагил""";6;Щебень;Цена
"""щебень цена с доставкой нижний тагил""";6;Щебень;Цена
"""цена щебня с доставкой нижний тагил""";6;Щебень;Цена
"""щебень с доставкой екатеринбург 5 20""";6;Щебень;Купить/доставка
"""щебень 5 20 екатеринбург с доставкой""";6;Щебень;Купить/доставка
"""купить щебень нижний тагил с доставкой""";6;Щебень;Купить/доставка
"""щебень купить нижний тагил с доставкой""";6;Щебень;Купить/доставка
"""щебень нижний тагил купить с доставкой""";6;Щебень;Купить/доставка
"""нижний тагил купить щебень с доставкой""";6;Щебень;Купить/доставка
"""щебень екатеринбург цена с доставкой 5""";6;Щебень;Цена
"""купить щебень каменск уральский с доставкой""";6;Щебень;Купить/доставка
"""куплю щебень с доставкой каменск уральский""";6;Щебень;Купить/доставка
"""щебень купить каменск уральский с доставкой""";6;Щебень;Купить/доставка
"""щебень каменск уральский с доставкой купить""";6;Щебень;Купить/доставка
"""щебень заказать с доставкой в екатеринбурге""";6;Щебень;Купить/доставка
"""щебень с доставкой в каменск уральске""";6;Щебень;Купить/доставка
"""щебень с доставкой в каменске уральском""";6;Щебень;Купить/доставка
"""купить щебень с доставкой в каменске""";6;Щебень;Купить/доставка
"""щебень в каменске уральском с доставкой""";6;Щебень;Купить/доставка
"""щебень в мешках с доставкой екатеринбург""";6;Щебень;Купить/доставка
"""купить щебень с доставкой в асбесте""";6;Щебень;Купить/доставка
"""щебень в асбесте с доставкой купить""";6;Щебень;Купить/доставка
"""щебень купить в асбесте с доставкой""";6;Щебень;Купить/доставка
"""отсев щебень с доставкой верхняя пышма""";6;Отсев;Купить/доставка
"""щебень с карьера с доставкой екатеринбург""";6;Щебень;Купить/доставка
"""щебень отсев с доставкой верхняя пышма""";6;Отсев;Купить/доставка
"""щебень 40 70 с доставкой екатеринбург""";6;Щебень;Купить/доставка
"""купить щебень в дегтярске с доставкой""";6;Щебень;Купить/доставка
"""купить щебень в ирбите с доставкой""";6;Щебень;Купить/доставка
"""купить щебень в первоуральске с доставкой""";6;Щебень;Купить/доставка
"""купить щебень в среднеуральск с доставкой""";6;Щебень;Купить/доставка
"""купить щебень в среднеуральске с доставкой""";6;Щебень;Купить/доставка
"""купить щебень с доставкой екатеринбург недорого""";6;Щебень;Купить/доставка
"""щебень верхняя пышма цена с доставкой""";6;Щебень;Цена
"""щебень мешками екатеринбург цена с доставкой""";6;Щебень;Цена
"""доставка щебня в мешках екатеринбург цена""";6;Щебень;Цена
"""щебень с доставкой горный щит екатеринбург""";6;Щебень;Купить/доставка
"""щебень в первоуральске с доставкой цена""";6;Щебень;Цена
"""щебень горный щит цена с доставкой""";6;Щебень;Цена
"""куплю щебень с доставкой екатеринбург недорого""";6;Щебень;Купить/доставка
"""купить щебень без доставки в екатеринбурге""";6;Щебень;Купить/доставка
"""купить щебень асбест с доставкой цена""";6;Щебень;Цена
"""купить щебень в екатеринбурге без доставки""";6;Щебень;Купить/доставка
"""купить песок в екатеринбурге с доставкой""";6;Песок;Купить/доставка
"""песок купить в екатеринбурге с доставкой""";6;Песок;Купить/доставка
"""купить песок с доставкой в екатеринбурге""";6;Песок;Купить/доставка
"""песок купить с доставкой в екатеринбурге""";6;Песок;Купить/доставка
"""песок с доставкой купить в екатеринбурге""";6;Песок;Купить/доставка
"""песок с доставкой в екатеринбурге купить""";6;Песок;Купить/доставка
"""цена песок в екатеринбурге с доставкой""";6;Песок;Цена
"""песок в екатеринбурге цена с доставкой""";6;Песок;Цена
"""песок в екатеринбурге с доставкой цена""";6;Песок;Цена
"""цена песка с доставкой в екатеринбурге""";6;Песок;Цена
"""куб песка цена с доставкой екатеринбург""";6;Песок;Цена
"""цена куба песка с доставкой екатеринбург""";6;Песок;Цена
"""купить речной песок с доставкой екатеринбург""";6;Песок;Купить/доставка
"""песок речной купить екатеринбург с доставкой""";6;Песок;Купить/доставка
"""песок речной купить с доставкой екатеринбург""";6;Песок;Купить/доставка
"""купить песок речной с доставкой екатеринбург""";6;Песок;Купить/доставка
"""песок речной с доставкой цена екатеринбург""";6;Песок;Цена
"""песок речной екатеринбург цена с доставкой""";6;Песок;Цена
"""речной песок в екатеринбурге с доставкой""";6;Песок;Купить/доставка
"""песок строительный с доставкой в екатеринбурге""";6;Песок;Купить/доставка
"""строительный песок с доставкой в екатеринбурге""";6;Песок;Купить/доставка
"""песок строительный с доставкой екатеринбург цена""";6;Песок;Цена
"""песок строительный екатеринбург цена с доставкой""";6;Песок;Цена
"""песок строительный купить с доставкой екатеринбурге""";6;Песок;Купить/доставка
"""доставка песка в мешках в екатеринбурге""";6;Песок;Купить/доставка
"""песок карьерный с доставкой в екатеринбурге""";6;Песок;Купить/доставка
"""песок нижний тагил цена с доставкой""";6;Песок;Цена
"""песок в мешках с доставкой екатеринбург""";6;Песок;Купить/доставка
"""куплю песок карьерный с доставкой екатеринбург""";6;Песок;Купить/доставка
щебень с доставкой верхняя пышма;5;Щебень;Купить/доставка
доставка гранитного щебня екатеринбурге 9 м3;5;Щебень;Купить/доставка
ирбит доставка авито щебень и песок;5;Песок;Купить/доставка
авито каменск уральский объявление доставка щебня;5;Щебень;Купить/доставка
"""пгс екатеринбург цена с доставкой""";5;ПГС;Цена
"""пгс с доставкой в екатеринбурге""";5;ПГС;Купить/доставка
"""пгс с доставкой екатеринбург цена""";5;ПГС;Цена
"""пгс с доставкой цена екатеринбург""";5;ПГС;Цена
"""пгс купить с доставкой екатеринбург""";5;ПГС;Купить/доставка
"""доставка щебня и песка екатеринбург""";5;Песок;Купить/доставка
"""доставка песка и щебня екатеринбург""";5;Песок;Купить/доставка
"""доставка щебня песка в екатеринбурге""";5;Песок;Купить/доставка
"""доставка песка щебня в екатеринбурге""";5;Песок;Купить/доставка
"""щебень первоуральск цена с доставкой""";5;Щебень;Цена
"""щебень екатеринбург купить с доставкой""";5;Щебень;Купить/доставка
"""щебень полевской цена с доставкой""";5;Щебень;Цена
"""доставка щебня березовский свердловская область""";5;Щебень;Купить/доставка
"""доставка щебня на газели екатеринбург""";5;Щебень;Купить/доставка
"""щебень с доставкой нижний тагил""";5;Щебень;Купить/доставка
"""доставка щебень екатеринбург с доставкой""";5;Щебень;Купить/доставка
"""цена щебень екатеринбург с доставкой""";5;Щебень;Цена
"""цена щебня с доставкой екатеринбург""";5;Щебень;Цена
"""щебень с доставкой екатеринбург цена""";5;Щебень;Цена
"""щебень с доставкой цена екатеринбург""";5;Щебень;Цена
"""щебень екатеринбург с доставкой цена""";5;Щебень;Цена
"""щебень екатеринбург цена с доставкой""";5;Щебень;Цена
"""щебень цена с доставкой екатеринбург""";5;Щебень;Цена
"""екатеринбург купить щебень с доставкой""";5;Щебень;Купить/доставка
"""щебень екатеринбург с доставкой купить""";5;Щебень;Купить/доставка
"""щебень купить екатеринбург с доставкой""";5;Щебень;Купить/доставка
"""щебень с доставкой екатеринбург купить""";5;Щебень;Купить/доставка
"""щебень с доставкой купить екатеринбург""";5;Щебень;Купить/доставка
"""щебень купить с доставкой екатеринбург""";5;Щебень;Купить/доставка
"""куплю щебень с доставкой екатеринбург""";5;Щебень;Купить/доставка
"""купить щебень екатеринбург с доставкой""";5;Щебень;Купить/доставка
"""купить щебень с доставкой екатеринбург""";5;Щебень;Купить/доставка
"""щебень с доставкой в екатеринбурге""";5;Щебень;Купить/доставка
"""щебень в екатеринбурге с доставкой""";5;Щебень;Купить/доставка
"""доставка щебня 20 40 екатеринбург""";5;Щебень;Купить/доставка
"""доставка щебня цена в екатеринбурге""";5;Щебень;Цена
"""доставка щебня в екатеринбурге цена""";5;Щебень;Цена
"""щебень доставка екатеринбург 5 20""";5;Щебень;Купить/доставка
"""доставка щебня цена нижний тагил""";5;Щебень;Цена
"""доставка щебня нижний тагил цены""";5;Щебень;Купить/доставка
"""щебень с доставкой каменск уральский""";5;Щебень;Купить/доставка
"""щебень каменск уральский с доставкой""";5;Щебень;Купить/доставка
"""заказать щебень екатеринбург с доставкой""";5;Щебень;Купить/доставка
"""заказать щебень с доставкой екатеринбург""";5;Щебень;Купить/доставка
"""доставка щебня в каменске уральском""";5;Щебень;Купить/доставка
"""щебень заказать с доставкой екатеринбург""";5;Щебень;Купить/доставка
"""первоуральск щебень цена с доставкой""";5;Щебень;Цена
"""щебень с доставкой первоуральск цена""";5;Щебень;Цена
"""куплю щебень с доставкой березовский""";5;Щебень;Купить/доставка
"""щебень купить березовский с доставкой""";5;Щебень;Купить/доставка
"""купить щебень с доставкой березовский""";5;Щебень;Купить/доставка
"""щебень березовский цена с доставкой""";5;Щебень;Цена
"""камаз щебня с доставкой екатеринбург""";5;Щебень;Купить/доставка
"""щебень с доставкой в березовский""";5;Щебень;Купить/доставка
"""щебень в мешках доставка екатеринбург""";5;Щебень;Купить/доставка
"""доставка щебня в мешках екатеринбург""";5;Щебень;Купить/доставка
"""купить щебень асбест с доставкой""";5;Щебень;Купить/доставка
"""асбест щебень купить с доставкой""";5;Щебень;Купить/доставка
"""щебень с доставкой горный щит""";5;Щебень;Купить/доставка
"""щебень верхняя пышма с доставкой""";5;Щебень;Купить/доставка
"""щебень асбест купить с доставкой""";5;Щебень;Купить/доставка
"""щебень с доставкой верхняя пышма""";5;Щебень;Купить/доставка
"""щебень купить полевской с доставкой""";5;Щебень;Купить/доставка
"""верхняя пышма доставка щебень отсев""";5;Отсев;Купить/доставка
"""доставка щебня верхняя пышма цена""";5;Щебень;Цена
"""отсев щебень екатеринбург с доставкой""";5;Отсев;Купить/доставка
"""отсев щебень с доставкой екатеринбург""";5;Отсев;Купить/доставка
"""ревда щебень цена с доставкой""";5;Щебень;Цена
"""щебень ревда цена с доставкой""";5;Щебень;Цена
"""щебень с доставкой ревда цена""";5;Щебень;Цена
"""щебень отсев с доставкой екатеринбург""";5;Отсев;Купить/доставка
"""доставка щебня и отсева екатеринбург""";5;Отсев;Купить/доставка
"""доставка отсева и екатеринбург щебня""";5;Отсев;Купить/доставка
"""авито щебень екатеринбург с доставкой""";5;Щебень;Купить/доставка
"""купить щебень с доставкой первоуральск""";5;Щебень;Купить/доставка
"""щебень с доставкой екатеринбург авито""";5;Щебень;Купить/доставка
"""щебень дегтярск купить с доставкой""";5;Щебень;Купить/доставка
"""доставка щебня в екатеринбурге недорого""";5;Щебень;Купить/доставка
"""доставка щебня каменск уральский авито""";5;Щебень;Купить/доставка
"""доставка щебня отсева каменск уральский""";5;Отсев;Купить/доставка
"""щебень с доставкой асбест цена""";5;Щебень;Цена
"""щебень с доставкой в арамиль""";5;Щебень;Купить/доставка
"""щебень с доставкой в первоуральске""";5;Щебень;Купить/доставка
"""щебень в первоуральске с доставкой""";5;Щебень;Купить/доставка
"""щебень билимбай цена с доставкой""";5;Щебень;Цена
"""щебень купить арамиль с доставкой""";5;Щебень;Купить/доставка
"""гранитный щебень екатеринбург с доставкой""";5;Щебень;Купить/доставка
"""купить щебень арамиль с доставкой""";5;Щебень;Купить/доставка
"""авито каменск уральский доставка щебня""";5;Щебень;Купить/доставка
песок каменск уральский стоимость с доставкой;5;Песок;Цена
купить песок камаз в екатеринбурге с доставкой;5;Песок;Купить/доставка
"""песок с доставкой в екатеринбурге""";5;Песок;Купить/доставка
"""купить песок с доставкой екатеринбург""";5;Песок;Купить/доставка
"""песок в екатеринбурге с доставкой""";5;Песок;Купить/доставка
"""купить песок екатеринбург с доставкой""";5;Песок;Купить/доставка
"""песок с доставкой купить екатеринбург""";5;Песок;Купить/доставка
"""песок купить екатеринбург с доставкой""";5;Песок;Купить/доставка
"""песок купить с доставкой екатеринбург""";5;Песок;Купить/доставка
"""куплю песок с доставкой екатеринбург""";5;Песок;Купить/доставка
"""песок цена с доставкой екатеринбург""";5;Песок;Цена
"""песок с доставкой екатеринбург цена""";5;Песок;Цена
"""песок екатеринбург цена с доставкой""";5;Песок;Цена
"""песок с доставкой цена екатеринбург""";5;Песок;Цена
"""песок екатеринбурге с доставкой цена""";5;Песок;Цена
"""екатеринбург песок с доставкой цена""";5;Песок;Цена
"""куб песка с доставкой екатеринбург""";5;Песок;Купить/доставка
"""песок речной с доставкой екатеринбург""";5;Песок;Купить/доставка
"""речной песок с доставкой екатеринбург""";5;Песок;Купить/доставка
"""доставка речного песка в екатеринбурге""";5;Песок;Купить/доставка
"""песок строительный с доставкой екатеринбург""";5;Песок;Купить/доставка
"""строительный песок с доставкой екатеринбург""";5;Песок;Купить/доставка
"""доставка песка в мешках екатеринбург""";5;Песок;Купить/доставка
"""песок в мешках доставка екатеринбург""";5;Песок;Купить/доставка
"""песок крупный с доставкой екатеринбург""";5;Песок;Купить/доставка
"""заказать песок с доставкой екатеринбург""";5;Песок;Купить/доставка
"""каменск шахтинский песок с доставкой""";5;Песок;Купить/доставка
"""пгс с доставкой екатеринбург""";4;ПГС;Купить/доставка
"""песок щебень доставка екатеринбург""";4;Песок;Купить/доставка
"""щебень песок доставка екатеринбург""";4;Песок;Купить/доставка
"""доставка щебня песка екатеринбург""";4;Песок;Купить/доставка
"""доставка песка щебня екатеринбург""";4;Песок;Купить/доставка
"""доставка щебень песок екатеринбург""";4;Песок;Купить/доставка
"""щебень с доставкой екатеринбург""";4;Щебень;Купить/доставка
"""доставка щебня каменск уральский""";4;Щебень;Купить/доставка
"""щебень с доставкой полевской""";4;Щебень;Купить/доставка
"""щебень с доставкой первоуральск""";4;Щебень;Купить/доставка
"""щебень с доставкой сысерть""";4;Щебень;Купить/доставка
"""доставка щебня горный щит""";4;Щебень;Купить/доставка
"""доставка щебня в первоуральске""";4;Щебень;Купить/доставка
"""екатеринбург щебень с доставкой""";4;Щебень;Купить/доставка
"""щебень с доставкой екатеринбурге""";4;Щебень;Купить/доставка
"""щебень екатеринбург с доставкой""";4;Щебень;Купить/доставка
"""доставка щебень цена екатеринбург""";4;Щебень;Цена
"""доставка щебня екатеринбург цена""";4;Щебень;Цена
"""доставка щебня цена екатеринбург""";4;Щебень;Цена
"""щебень доставка екатеринбург цена""";4;Щебень;Цена
"""щебень цена доставка екатеринбург""";4;Щебень;Цена
"""доставка щебня в екатеринбурге""";4;Щебень;Купить/доставка
"""доставки щебня в екатеринбурге""";4;Щебень;Купить/доставка
"""доставка щебень в екатеринбурге""";4;Щебень;Купить/доставка
"""щебень в екатеринбурге доставка""";4;Щебень;Купить/доставка
"""щебень доставка в екатеринбурге""";4;Щебень;Купить/доставка
"""щебень купить доставка екатеринбург""";4;Щебень;Купить/доставка
"""купить щебень доставка екатеринбург""";4;Щебень;Купить/доставка
"""щебень нижний тагил доставка""";4;Щебень;Купить/доставка
"""щебень доставка нижний тагил""";4;Щебень;Купить/доставка
"""доставка щебня нижний тагил""";4;Щебень;Купить/доставка
"""каменск уральский доставка щебня""";4;Щебень;Купить/доставка
"""щебень доставка каменск уральский""";4;Щебень;Купить/доставка
"""доставка щебня каменске уральском""";4;Щебень;Купить/доставка
"""щебень с доставкой каменск""";4;Щебень;Купить/доставка
"""каменск уральск доставка щебня""";4;Щебень;Купить/доставка
"""каменск уральск доставка щебень""";4;Щебень;Купить/доставка
"""доставка щебня первоуральск цена""";4;Щебень;Цена
"""щебень первоуральск доставка цены""";4;Щебень;Купить/доставка
"""щебень с доставкой березовский""";4;Щебень;Купить/доставка
"""щебень березовский с доставкой""";4;Щебень;Купить/доставка
"""щебень цены доставка березовский""";4;Щебень;Купить/доставка
"""доставка щебня березовский цена""";4;Щебень;Цена
"""доставка щебня в березовский""";4;Щебень;Купить/доставка
"""щебень сысерть с доставкой""";4;Щебень;Купить/доставка
"""доставка щебня березовский свердловская""";4;Щебень;Купить/доставка
"""доставка горный щит щебень""";4;Щебень;Купить/доставка
"""горный щит доставка щебня""";4;Щебень;Купить/доставка
"""щебень ревда с доставкой""";4;Щебень;Купить/доставка
"""щебень с доставкой ревда""";4;Щебень;Купить/доставка
"""доставка щебня в асбесте""";4;Щебень;Купить/доставка
"""щебень доставкой верхняя пышма""";4;Щебень;Купить/доставка
"""верхняя пышма доставка щебня""";4;Щебень;Купить/доставка
"""доставка щебня верхняя пышма""";4;Щебень;Купить/доставка
"""доставка щебень верхняя пышма""";4;Щебень;Купить/доставка
"""щебень доставка по екатеринбургу""";4;Щебень;Купить/доставка
"""доставка щебня по екатеринбургу""";4;Щебень;Купить/доставка
"""щебень доставка верхняя пышма""";4;Щебень;Купить/доставка
"""щебень верхняя пышма доставка""";4;Щебень;Купить/доставка
"""щебень с доставкой белоярский""";4;Щебень;Купить/доставка
"""щебень отсев доставка екатеринбург""";4;Отсев;Купить/доставка
"""верхняя салда доставка щебня""";4;Щебень;Купить/доставка
"""доставка щебень белоярский район""";4;Щебень;Купить/доставка
"""доставка щебень отсев екатеринбург""";4;Отсев;Купить/доставка
"""доставка щебня ревда цены""";4;Щебень;Купить/доставка
"""доставка щебня отсева екатеринбург""";4;Отсев;Купить/доставка
"""доставка отсев щебень екатеринбург""";4;Отсев;Купить/доставка
"""доставка щебня первоуральск авито""";4;Щебень;Купить/доставка
"""авито екатеринбург доставка щебня""";4;Щебень;Купить/доставка
"""щебень с доставкой арамиль""";4;Щебень;Купить/доставка
"""щебень с доставкой среднеуральск""";4;Щебень;Купить/доставка
"""щебень арамиль с доставкой""";4;Щебень;Купить/доставка
"""доставка щебня газель екатеринбург""";4;Щебень;Купить/доставка
"""доставка щебня с дегтярска""";4;Щебень;Купить/доставка
"""доставка щебня екатеринбург газель""";4;Щебень;Купить/доставка
"""доставка щебня екатеринбург стоимость""";4;Щебень;Цена
"""щебень екатеринбург доставка жд""";4;Щебень;Купить/доставка
"""щебень отсев доставка березовский""";4;Отсев;Купить/доставка
"""щебень билимбай с доставкой""";4;Щебень;Купить/доставка
"""стоимость доставки щебня екатеринбург""";4;Щебень;Цена
"""доставка нерудных материалов екатеринбург""";4;Прочее;Купить/доставка
"""екатеринбург песок с доставкой""";4;Песок;Купить/доставка
"""песок с доставкой екатеринбург""";4;Песок;Купить/доставка
"""песок с доставкой екатеринбурге""";4;Песок;Купить/доставка
"""песок екатеринбург с доставкой""";4;Песок;Купить/доставка
"""доставка песка в екатеринбурге""";4;Песок;Купить/доставка
"""песок доставка в екатеринбурге""";4;Песок;Купить/доставка
"""купить песок доставка екатеринбург""";4;Песок;Купить/доставка
"""доставка песка екатеринбург цена""";4;Песок;Цена
"""песок доставка цена екатеринбург""";4;Песок;Цена
"""екатеринбург песок речной доставка""";4;Песок;Купить/доставка
"""доставка речного песка екатеринбург""";4;Песок;Купить/доставка
"""речной песок доставка екатеринбург""";4;Песок;Купить/доставка
"""песок каменск уральский доставка""";4;Песок;Купить/доставка
"""доставка песка каменск уральский""";4;Песок;Купить/доставка
"""доставка песка нижний тагил""";4;Песок;Купить/доставка
"""каменск шахтинский доставка песка""";4;Песок;Купить/доставка
"""песок полевской с доставкой""";4;Песок;Купить/доставка
"""доставка песка в невьянске""";4;Песок;Купить/доставка
"""песок невьянск с доставкой""";4;Песок;Купить/доставка
"""песок березовский с доставкой""";4;Песок;Купить/доставка
"""доставка песка в асбесте""";4;Песок;Купить/доставка
"""доставка песка в асбест""";4;Песок;Купить/доставка
"""доставка песка каменск шахтинский""";4;Песок;Купить/доставка
"""песок доставка мешок екатеринбург""";4;Песок;Купить/доставка
"""заказать песок екатеринбург доставка""";4;Песок;Купить/доставка
"""пгс доставка екатеринбург""";3;ПГС;Купить/доставка
"""пгс екатеринбург доставка""";3;ПГС;Купить/доставка
"""доставка пгс екатеринбург""";3;ПГС;Купить/доставка
"""доставка щебня екатеринбург""";3;Щебень;Купить/доставка
"""щебень доставка екатеринбург""";3;Щебень;Купить/доставка
"""доставка щебень екатеринбург""";3;Щебень;Купить/доставка
"""доставка щебня екб""";3;Щебень;Купить/доставка
"""билимбай доставка щебня""";3;Щебень;Купить/доставка
"""доставка щебня первоуральск""";3;Щебень;Купить/доставка
"""доставка щебня полевской""";3;Щебень;Купить/доставка
"""щебень ревда доставка""";3;Щебень;Купить/доставка
"""доставка щебень асбест""";3;Щебень;Купить/доставка
"""щебень доставка сысерть""";3;Щебень;Купить/доставка
"""доставка щебня арамиль""";3;Щебень;Купить/доставка
"""екатеринбург доставка щебня""";3;Щебень;Купить/доставка
"""екатеринбург щебень доставка""";3;Щебень;Купить/доставка
"""щебень доставка екатеринбурге""";3;Щебень;Купить/доставка
"""щебень екатеринбург доставка""";3;Щебень;Купить/доставка
"""доставка щебень первоуральск""";3;Щебень;Купить/доставка
"""первоуральск доставка щебня""";3;Щебень;Купить/доставка
"""первоуральск щебень доставка""";3;Щебень;Купить/доставка
"""щебень доставка первоуральск""";3;Щебень;Купить/доставка
"""щебень первоуральск доставка""";3;Щебень;Купить/доставка
"""доставка щебень березовский""";3;Щебень;Купить/доставка
"""доставка щебня березовский""";3;Щебень;Купить/доставка
"""березовский доставка щебня""";3;Щебень;Купить/доставка
"""щебень доставка березовский""";3;Щебень;Купить/доставка
"""щебень доставка полевской""";3;Щебень;Купить/доставка
"""полевской доставка щебня""";3;Щебень;Купить/доставка
"""доставка щебня ревда""";3;Щебень;Купить/доставка
"""сысерть доставка щебня""";3;Щебень;Купить/доставка
"""щебень сысерть доставка""";3;Щебень;Купить/доставка
"""ревда щебень доставка""";3;Щебень;Купить/доставка
"""ревда доставка щебня""";3;Щебень;Купить/доставка
"""доставка щебень сысерть""";3;Щебень;Купить/доставка
"""асбест доставка щебня""";3;Щебень;Купить/доставка
"""щебень асбест доставка""";3;Щебень;Купить/доставка
"""щебень доставка арамиль""";3;Щебень;Купить/доставка
"""щебень доставка среднеуральск""";3;Щебень;Купить/доставка
"""щебень арамиль доставка""";3;Щебень;Купить/доставка
"""среднеуральск доставка щебня""";3;Щебень;Купить/доставка
"""арамиль щебень доставка""";3;Щебень;Купить/доставка
"""арамиль доставка щебня""";3;Щебень;Купить/доставка
"""дегтярск доставка щебня""";3;Щебень;Купить/доставка
"""ирбит доставка щебня""";3;Щебень;Купить/доставка
"""доставка щебень арамиль""";3;Щебень;Купить/доставка
"""доставка щебня дегтярск""";3;Щебень;Купить/доставка
"""доставка щебня богданович""";3;Щебень;Купить/доставка
"""доставка щебня заречный""";3;Щебень;Купить/доставка
"""доставка щебень заречный""";3;Щебень;Купить/доставка
"""доставка щебня кировград""";3;Щебень;Купить/доставка
"""богданович доставка щебня""";3;Щебень;Купить/доставка
"""щебень самосвал екатеринбург""";3;Щебень;Инфо
"""доставка песка екатеринбург""";3;Песок;Купить/доставка
"""доставка песка березовский""";3;Песок;Купить/доставка
"""доставка песка сысерть""";3;Песок;Купить/доставка
"""песок доставка арамиль""";3;Песок;Купить/доставка
"""екатеринбург доставка песка""";3;Песок;Купить/доставка
"""доставка песка екатеринбурге""";3;Песок;Купить/доставка
"""доставка песок екатеринбург""";3;Песок;Купить/доставка
"""песок доставка екатеринбург""";3;Песок;Купить/доставка
"""песок екатеринбург доставка""";3;Песок;Купить/доставка
"""пески екатеринбург доставка""";3;Прочее;Купить/доставка
"""доставка песка ревда""";3;Песок;Купить/доставка
"""песок доставка березовский""";3;Песок;Купить/доставка
"""песок березовский доставка""";3;Песок;Купить/доставка
"""березовский доставка песка""";3;Песок;Купить/доставка
"""доставка песка невьянск""";3;Песок;Купить/доставка
"""доставка песка кировград""";3;Песок;Купить/доставка
