запрос;частота WS;группа;материал
щебень отсев купить с доставкой в екатеринбурге;16;гео-Свердловск;Отсев
доставка пгс;5635;бенчмарк-РФ;ПГС
купить пгс с доставкой;3521;бенчмарк-РФ;ПГС
пгс с доставкой цена;2161;бенчмарк-РФ;ПГС
купить пгс с доставкой цена;1746;бенчмарк-РФ;ПГС
пгс цена за куб с доставкой;431;бенчмарк-РФ;ПГС
доставка пгс оренбург;304;бенчмарк-РФ;ПГС
доставка песка;53280;бенчмарк-РФ;Песок
купить песок с доставкой;24517;бенчмарк-РФ;Песок
песок доставка цена;15329;бенчмарк-РФ;Песок
купить песок с доставкой цена;9623;бенчмарк-РФ;Песок
куб песка с доставкой;5014;бенчмарк-РФ;Песок
область доставка песка;4748;бенчмарк-РФ;Песок
доставка песка екатеринбург;206;гео-Свердловск;Песок
купить песок в екатеринбурге с доставкой;134;гео-Свердловск;Песок
купить песок в екатеринбурге с доставкой цена;84;гео-Свердловск;Песок
песок доставка цена за куб екатеринбург;74;гео-Свердловск;Песок
ирбит доставка щебня и песка;26;гео-Свердловск;Песок
доставка песка богданович;14;гео-Свердловск;Песок
доставка щебня;45422;бенчмарк-РФ;Щебень
купить щебень с доставкой;23850;бенчмарк-РФ;Щебень
щебень с доставкой цена;17611;бенчмарк-РФ;Щебень
купить щебень с доставкой цена;10865;бенчмарк-РФ;Щебень
доставка щебня куба;6675;бенчмарк-РФ;Щебень
куб щебня доставкой;6675;бенчмарк-РФ;Щебень
доставка щебня екатеринбург;1351;гео-Свердловск;Щебень
купить щебень в екатеринбурге с доставкой;763;гео-Свердловск;Щебень
доставка щебня екатеринбург цена;706;гео-Свердловск;Щебень
щебень купить в екатеринбурге с доставкой цена;443;гео-Свердловск;Щебень
доставка щебня нижний тагил;305;гео-Свердловск;Щебень
доставка щебня 20 40 екатеринбург;275;гео-Свердловск;Щебень
щебень нижний тагил цена с доставкой;234;гео-Свердловск;Щебень
куб щебня с доставкой в екатеринбурге цена;232;гео-Свердловск;Щебень
щебень нижний тагил цена с доставкой купить;193;гео-Свердловск;Щебень
доставка щебня первоуральск;81;гео-Свердловск;Щебень
щебень полевской цена с доставкой;75;гео-Свердловск;Щебень
ирбит доставка щебня;58;гео-Свердловск;Щебень
щебень первоуральск цена с доставкой;53;гео-Свердловск;Щебень
каменск уральский щебень доставка;46;гео-Свердловск;Щебень
доставка щебня ревда;37;гео-Свердловск;Щебень
щебень березовский доставка;29;гео-Свердловск;Щебень
щебень в мешках с доставкой екатеринбург;28;гео-Свердловск;Щебень
камаз щебня цена с доставкой екатеринбург;27;гео-Свердловск;Щебень
доставка щебня арамиль;18;гео-Свердловск;Щебень
доставка щебня билимбай свердловская;17;гео-Свердловск;Щебень
купить щебень с доставкой среднеуральск;16;гео-Свердловск;Щебень
заказать щебень с доставкой в екатеринбурге;16;гео-Свердловск;Щебень
купить щебень в каменске уральском с доставкой;16;гео-Свердловск;Щебень
доставка щебня город ирбит;13;гео-Свердловск;Щебень
доставка щебня богданович;12;гео-Свердловск;Щебень
"""щебень 20 40 цена за 1 м3 с доставкой екатеринбург горный щит""";12;гео-Свердловск;Щебень
