запрос;конкуренция;просмотры;материал;проходит ≤3
щебень отсев купить с доставкой в екатеринбурге;5;11;Отсев;нет
доставка пгс;11;62;ПГС;нет
купить пгс с доставкой;13;94;ПГС;нет
пгс с доставкой цена;15;28;ПГС;нет
купить пгс с доставкой цена;15;98;ПГС;нет
пгс цена за куб с доставкой;14;8;ПГС;нет
доставка пгс оренбург;3;27;ПГС;нет
доставка песка;18;484;Песок;нет
купить песок с доставкой;20;311;Песок;нет
песок доставка цена;20;66;Песок;нет
купить песок с доставкой цена;19;22;Песок;нет
куб песка с доставкой;20;14;Песок;нет
область доставка песка;8;0;Песок;нет
доставка песка екатеринбург;4;6;Песок;нет
купить песок в екатеринбурге с доставкой;3;25;Песок;да
купить песок в екатеринбурге с доставкой цена;3;9;Песок;да
песок доставка цена за куб екатеринбург;3;5;Песок;да
ирбит доставка щебня и песка;1;13;Песок;да
доставка песка богданович;1;1;Песок;да
доставка щебня;19;366;Щебень;нет
купить щебень с доставкой;19;268;Щебень;нет
щебень с доставкой цена;18;74;Щебень;нет
купить щебень с доставкой цена;19;17;Щебень;нет
доставка щебня куба;12;0;Щебень;нет
куб щебня доставкой;10;0;Щебень;нет
доставка щебня екатеринбург;3;65;Щебень;да
купить щебень в екатеринбурге с доставкой;3;88;Щебень;да
доставка щебня екатеринбург цена;2;5;Щебень;да
щебень купить в екатеринбурге с доставкой цена;1;176;Щебень;да
доставка щебня нижний тагил;4;9;Щебень;нет
доставка щебня 20 40 екатеринбург;1;0;Щебень;да
щебень нижний тагил цена с доставкой;1;29;Щебень;да
куб щебня с доставкой в екатеринбурге цена;1;5;Щебень;да
щебень нижний тагил цена с доставкой купить;1;6;Щебень;да
доставка щебня первоуральск;3;4;Щебень;да
щебень полевской цена с доставкой;3;46;Щебень;да
ирбит доставка щебня;3;9;Щебень;да
щебень первоуральск цена с доставкой;1;31;Щебень;да
каменск уральский щебень доставка;6;6;Щебень;нет
доставка щебня ревда;3;6;Щебень;да
щебень березовский доставка;4;3;Щебень;нет
щебень в мешках с доставкой екатеринбург;1;0;Щебень;да
камаз щебня цена с доставкой екатеринбург;1;24;Щебень;да
доставка щебня арамиль;8;6;Щебень;нет
доставка щебня билимбай свердловская;2;11;Щебень;да
купить щебень с доставкой среднеуральск;3;5;Щебень;да
заказать щебень с доставкой в екатеринбурге;1;8;Щебень;да
купить щебень в каменске уральском с доставкой;3;13;Щебень;да
доставка щебня город ирбит;1;13;Щебень;да
доставка щебня богданович;1;1;Щебень;да
щебень 20 40 цена за 1 м3 с доставкой екатеринбург горный щит;3;1;Щебень;да
