Ключ;Вес ключа;Похожесть на исходные фразы;Количество слов;Содержит вопрос;Содержит топоним;Глобальная общая частотность;Глобальная точная "[!частотность]";Региональная общая частотность;Региональная "частотность";Региональная точная "[!частотность]";Минимальная ставка в контексте;Результатов в выдаче;Главных страниц в топ 10;Главных страниц в топ 50;PPC объявления
"коэффициент уплотнения щебня";10;42;3;;;3767;806;126;33;27;11.8;76000;0;0;4
"скальники";10;30;1;;;9422;490;353;40;25;23.7;2000000;0;0;0
"купить щебень в екатеринбурге с доставкой";10;30;6;;1;37;7;30;15;7;50.2;690000;0;0;0
"мраморная крошка";10;30;2;;;26457;1200;454;31;26;21.1;246000;0;0;0
"пщс купить";10;30;2;;;621;21;41;2;2;10.6;861000;0;0;9
"отсев купить в екатеринбурге";10;30;4;;1;556;71;454;55;55;144;810000;0;0;8
"дресьва цена екатеринбург";10;30;3;;1;45;10;32;7;7;1.1;8000;0;0;6
"щебень мраморный";10;30;2;;;4079;84;335;26;12;36.9;207000;0;0;8
"холодный асфальт в мешках";10;30;4;;;7579;708;278;39;39;25.9;356000;1;1;8
"керамзит купить екатеринбург";10;30;3;;1;378;9;236;29;5;44.9;726000;1;1;9
"керамзит купить в екатеринбурге";9;28;4;;1;330;120;196;98;68;56.3;781000;0;0;9
"керамзит купить";8;26;2;;;29071;1735;636;40;27;51.5;903000;1;1;8
"щебень коэффициент уплотнения 20 40";6;24;5;;;596;7;17;7;2;0.3;2000000;0;0;0
"коэффициент уплотнения щебня 20 40";7;24;5;;;864;294;17;17;6;54.1;2000000;0;0;7
"мраморный щебень";7;24;2;;;4079;208;335;26;10;36.9;14000;0;0;8
"коэффициент уплотнения щебня 5 10 при трамбовке таблица";6;24;8;;;6;6;4;4;4;0.3;3000000;0;0;6
"сколько стоит керамзит";7;23;3;1;;1989;433;15;2;2;0.3;852000;0;0;8
"керамзит екатеринбург";6;23;2;;1;405;11;227;8;6;67.2;144000;1;1;0
"коэффициент уплотнения щебня 40 70";6;23;5;;;404;120;9;9;9;0.3;1000000;0;0;4
"керамзит цена";7;23;2;;;11895;977;162;5;5;14.8;681000;0;0;4
"керамзит цена за 1 м3";6;23;5;;;1732;204;28;17;4;14.2;4000000;0;0;7
"купить отсев";7;22;2;;;18671;206;916;21;15;139.6;847000;0;0;9
"отсев цена";6;22;2;;;2114;51;122;2;2;0.3;770000;0;0;9
"щебень екатеринбург купить с доставкой";7;22;5;;1;428;28;356;24;24;106.5;932000;0;0;8
"сколько стоит отсев в екатеринбурге";6;21;5;1;1;7;2;3;2;2;0.3;605000;0;0;0
"керамзит цена за 1 м3 с доставкой";6;21;7;;;1016;794;20;16;12;12.9;4000000;0;0;8
"мраморный щебень купить";6;21;3;;;1559;88;149;9;7;50.9;838000;0;0;7
"купить скальники екатеринбург";6;21;3;;1;72;3;61;10;3;40.7;711000;0;0;0
"купить мраморный щебень";5;21;3;;;652;20;23;7;7;30.7;838000;0;0;0
"куб керамзита цена";5;20;3;;;1304;50;43;2;2;0.3;965000;1;1;8
"купить керамзит";7;20;2;;;29183;783;634;38;17;58.7;828000;0;0;8
"цена керамзита за куб в екатеринбурге";5;20;6;;1;19;11;8;7;2;20.7;816000;0;0;8
"насыпная плотность песка";2;20;3;;;1884;311;41;10;5;30.9;96000;0;0;0
"мраморная крошка купить в екатеринбурге";6;20;5;;1;56;17;28;22;6;38.8;852000;0;0;0
"отсев купить";6;20;2;;;18281;312;874;26;15;46;2000;0;0;8
"щебень 20 40 коэффициент уплотнения";6;20;5;;;769;22;26;13;2;0.3;2000000;0;0;0
"дресва купить в екатеринбурге с доставкой цена";4;19;7;;1;59;3;48;8;2;11.1;2000;0;0;6
"купить щебень в екатеринбурге с доставкой цена за куб";6;19;9;;1;45;13;30;9;8;69.2;1000000;0;0;9
"купить щебень екатеринбург с доставкой";6;18;5;;1;357;3;308;6;2;106.5;922000;0;0;7
"мраморная крошка в екатеринбурге купить";4;18;5;;1;59;9;27;15;7;31;828000;0;0;0
"крошка мраморная";6;18;2;;;26883;101;441;17;2;36.8;2000;0;0;8
"отсев купить в екатеринбурге с доставкой цена за куб екатеринбург";5;18;10;;1;44;8;42;9;7;105.7;1000000;0;0;9
"купить отсев в екатеринбурге с доставкой";5;18;6;;1;35;2;32;3;2;241.7;733000;0;0;0
"купить керамзит в екатеринбурге";6;18;4;;1;367;57;225;107;22;27.3;739000;1;1;0
"дресва купить в екатеринбурге с доставкой цена за куб";4;18;9;;1;2;2;4;4;2;0.3;1000000;0;0;0
"мраморная крошка купить екатеринбург";4;17;4;;1;374;5;241;3;3;18.8;852000;0;0;8
"щебень в екатеринбурге цена с доставкой";6;17;6;;1;176;3;145;3;3;0.3;853000;0;0;8
"мраморная крошка купить";5;17;3;;;13927;679;192;32;7;49.7;667000;0;0;0
"сухой асфальт";5;17;2;;;6683;850;129;19;19;85.4;278000;0;0;0
"куб щебня цена";4;17;3;;;9184;236;155;10;5;63.1;696000;0;0;0
"скальники купить в екатеринбурге";5;17;4;;1;31;16;26;13;13;17.3;789000;0;0;0
"стоимость керамзита за 1 м3";4;17;5;;;88;56;2;2;2;4.8;2000;0;0;7
"коэффициент уплотнения щебня в смете";4;17;5;;;114;43;7;3;3;0.3;101000;0;0;0
"заказать щебень с доставкой в екатеринбурге недорого";6;17;7;;1;4;4;4;4;4;0.3;624000;0;0;9
"дресьва цена екатеринбург с доставкой за куб";3;17;7;;1;2;2;2;2;2;0.3;1000000;0;0;0
"асфальт в мешках купить в екатеринбурге";6;17;6;;1;76;6;32;2;2;5.5;788000;1;1;4
"купить асфальт в мешках";7;17;4;;;5468;106;229;6;6;25.3;820000;0;0;9
"щебень 1м3 цена";4;17;3;;;159;3;4;2;2;11.9;4000000;0;0;9
"прайс лист на щебень";4;17;4;;;55;8;2;2;2;0.3;395000;0;0;0
"цена на щебень";5;16;3;;;861;136;13;5;4;0.3;802000;1;1;0
"керамзит купить в екатеринбурге цена куб";4;16;6;;1;11;3;6;5;3;11.1;938000;0;0;0
"керамзит в екатеринбурге";5;16;3;;1;258;3;137;3;2;30.8;155000;1;1;6
"щебень куб цена";5;16;3;;;5456;59;67;4;4;67.2;721000;0;0;7
"отсев цена за 1 м3 с доставкой екатеринбург";5;16;8;;1;25;24;17;17;17;0.3;4000000;0;0;0
"дресьва";3;16;1;;;1797;396;416;88;88;46.3;5000;0;0;3
"мраморный щебень купить в екатеринбурге";5;15;5;;1;7;3;4;3;3;0.3;860000;0;0;0
"щебень купить в екатеринбурге с доставкой цена";5;15;7;;1;172;4;143;11;4;93;1000000;0;0;8
"крошка мраморная купить";4;15;3;;;13643;48;230;31;2;76.3;851000;0;0;9
"щебень доставка екатеринбург";5;15;3;;1;941;4;762;27;3;156.9;403000;0;0;0
"купить керамзит в екатеринбурге с доставкой цена за куб";3;15;9;;1;9;6;6;5;5;0.3;2000;0;0;9
"щебень купить 1 куб цена";3;15;5;;;25;15;6;6;6;0.3;4000000;0;0;6
"цена на щебень за куб с доставкой";5;15;7;;;72;12;2;2;2;15.5;2000;0;0;9
"скальники спортмастер";5;15;2;;;52;16;6;3;2;39;197000;0;0;0
"щебень купить екатеринбург";4;14;3;;1;1500;25;1117;50;21;115;2000;0;0;9
"щебень купить м3";3;14;3;;;349;133;11;9;9;0.3;3000000;0;0;0
"песок сухой плотность";2;14;3;;;460;4;15;2;2;0.3;165000;0;0;0
"щебень стоимость за тонну";4;14;4;;;390;74;23;22;21;17.6;507000;0;0;8
"щебень купить дешево";4;14;3;;;230;2;3;2;2;0.3;754000;0;1;0
"щебень цена за 1 м3 с доставкой";4;14;7;;;916;143;32;3;2;0.3;4000000;1;1;0
"цена щебня за куб";4;14;4;;;4018;63;38;2;2;0.3;733000;0;0;0
"купить отсев в екатеринбурге с доставкой цена за куб";5;14;9;;1;44;11;42;19;11;73;7000;0;0;9
"заказать щебень с доставкой в екатеринбурге";5;13;6;;1;7;4;6;6;3;180;564000;0;0;8
"щебень цена за м3";3;13;4;;;3545;295;64;14;14;35.2;3000000;1;1;0
"сколько стоит 1 куб щебня";3;13;5;1;;516;29;5;2;2;0.3;3000000;0;0;9
"мраморная крошка цена";4;13;3;;;3676;169;32;3;3;12;2000;0;0;8
"керамзит екатеринбург купить";4;13;3;;1;285;2;146;11;2;32.21;681000;1;1;4
"холодный асфальт купить";5;13;3;;;5381;697;96;12;6;69.2;1000000;0;0;8
"щебень тонна цена";4;13;3;;;4241;52;35;8;8;55.8;858000;0;0;0
"щебень стоимость 1 м3";2;13;4;;;768;21;25;3;3;25.5;4000000;1;1;0
"керамзит в мешках купить в екатеринбурге";3;12;6;;1;55;4;34;16;4;13.9;809000;1;1;0
"скальники купить спортмастер";4;12;3;;;10;4;3;2;2;0.3;904000;0;0;7
"щебень купить в екатеринбурге";5;12;4;;1;254;39;167;34;29;238.5;772000;1;1;8
"щебень цена";4;12;2;;;30103;855;338;5;5;53.2;805000;0;0;0
"асфальт холодный купить";5;12;3;;;12914;69;364;52;4;75.1;15000;1;1;9
"сколько стоит мраморная крошка";3;12;4;1;;536;35;14;2;2;0.3;2000;0;0;8
"купить керамзит в свердловской области";5;12;5;;1;12;6;2;2;2;0.3;1000000;0;0;0
"пщс";5;12;1;;;1972;165;237;30;21;18.6;2000000;0;0;0
"купить щебень с доставкой";4;12;4;;;19680;625;453;12;12;58.6;910000;0;0;8
"холодный асфальт в мешках купить";5;12;5;;;1560;237;33;2;2;5.2;818000;0;0;1
"дресва купить";5;12;2;;;1220;45;210;8;8;21.5;833000;0;0;4
"мраморная крошка белая купить в екатеринбурге";3;12;6;;1;4;2;2;2;2;0.3;839000;0;0;0
"асфальт холодный цена";5;11;3;;;513;3;6;3;3;8.8;905000;0;0;0
"холодный асфальт";3;11;2;;;8526;1053;166;21;18;9.6;301000;0;0;0
"отсев";2;11;1;;;36260;1182;1158;43;29;70.5;2000000;0;0;0
"щебень отсев купить";5;11;3;;;204;5;8;3;2;25.5;662000;0;0;0
"сколько стоят скальники";4;11;3;1;;62;3;3;2;2;0.3;651000;0;0;8
"холодный асфальт цена";5;11;3;;;2736;408;72;4;4;0.3;898000;0;0;9
"керамзит крупный";4;11;2;;;328;15;15;2;2;0.3;10000;1;1;9
"купить щебень в екатеринбурге";4;11;4;;1;842;59;581;247;34;101.7;769000;0;0;0
"керамзит стройдвор";2;11;2;;;33;6;2;2;2;0.3;132000;0;0;9
"купить мраморный щебень оптом от производителя";3;11;6;;;8;7;4;4;4;0.3;843000;1;1;9
"купить холодный асфальт";4;11;3;;;5288;164;79;6;6;22.1;784000;0;0;3
"купить щебень в екатеринбурге с доставкой цена";4;10;7;;1;199;91;139;108;63;57.4;7000;0;0;0
"щебень 20 40 цена за 1 м3 с доставкой екатеринбург";2;10;10;;1;43;42;33;32;32;128.2;4000000;0;0;4
"отсев купить в екатеринбурге с доставкой";5;10;6;;1;232;5;220;12;5;73.4;1000000;0;0;9
"щебень купить в екатеринбурге с доставкой";5;10;6;;1;68;11;50;14;5;23.3;773000;0;0;0
"керамзит в мкр";3;10;3;;;110;9;14;2;2;19.4;479000;0;0;7
"отсев фракция";4;10;2;;;1862;60;106;6;6;13.7;191000;0;0;9
"холодный асфальт купить в мешках";4;10;5;;;671;79;21;3;2;3.3;958000;0;0;0
"купить щебень екатеринбург";4;10;3;;1;320;19;199;15;10;110.7;707000;1;1;0
"сколько стоит один куб керамзита";4;10;5;1;;3;2;2;2;2;0.3;2000000;0;0;0
"керамзит купить в екатеринбурге цена за мешок";4;10;7;;1;5;5;4;4;4;0.3;858000;0;0;0
"где можно купить отсев для тротуарной плитки";5;10;7;1;;7;4;4;4;4;0.3;2000000;0;0;8
"щебень";3;10;1;;;560561;7212;12479;173;173;131.7;2000000;0;0;6
"сколько стоит камаз щебня в екатеринбурге";4;10;6;1;1;14;11;10;10;10;15.1;713000;0;0;0
"мешок керамзита цена";2;9;3;;;2661;29;40;2;2;17.2;707000;0;0;0
"щебень 20 40 цена за 1 м3";2;9;7;;;2105;1057;134;6;6;33;4000000;0;0;9
"мраморная крошка оптом";3;9;3;;;311;62;9;2;2;0.3;267000;0;0;0
"щебень екатеринбург";4;9;2;;1;1038;51;594;43;23;137.4;156000;1;1;0
"купить мраморную крошку оптом";3;9;4;;;89;5;10;10;4;2.3;745000;0;0;6
"дресьва цена екатеринбург с доставкой";3;9;5;;1;31;13;25;13;9;30.8;743000;0;0;2
"сколько стоит камаз щебня";3;9;4;1;;675;156;24;5;5;12.9;2000;0;0;9
"камаз щебня цена";3;9;3;;;1505;348;60;21;21;46.9;701000;0;0;6
"керамзит купить в мешках";2;9;4;;;4862;157;66;5;4;46.2;752000;0;0;0
"щебенка купить";3;9;2;;;7993;159;125;5;5;44.1;17000;0;0;9
"керамзит в мешках";2;9;3;;;7061;329;115;4;4;31.8;229000;0;0;0
"щебень для дренажа купить";3;9;4;;;81;7;4;3;3;0.3;674000;0;0;0
"керамзит максидом";3;9;2;;;34;7;3;2;2;0.3;135000;0;0;0
"купить щебень";3;9;2;;;105936;2146;1937;50;32;132;829000;0;0;8
"сколько стоит щебень за тонну";2;9;5;1;;1417;55;20;6;4;12.5;802000;0;0;0
"щпс купить в екатеринбурге";4;9;4;;1;9;5;7;5;5;0.3;672000;0;0;9
"пшс щебень";4;8;2;;;30;8;4;4;2;9;2000;1;1;7
"купить камаз щебня цена";3;8;4;;;143;84;2;2;2;52.4;1000000;0;0;8
"щебень 1200 фракция 20 40";2;8;5;;;45;6;3;3;3;0.3;2000000;0;0;0
"сколько стоит щебенка";4;8;3;1;;2853;145;29;2;2;3.4;684000;0;0;0
"сколько стоит тонна щебня";2;8;4;1;;3264;478;37;11;7;35.7;790000;0;0;0
"купить керамзит для утепления пола";3;8;5;;;67;12;2;2;2;25.6;874000;0;0;0
"купить щебень в екатеринбурге 20 40";2;8;6;;1;68;3;56;10;2;40.1;2000000;0;0;6
"щебень свердловская область";2;8;3;;1;136;2;37;2;2;40.1;572000;0;0;0
"холодный асфальт в мешках купить в екатеринбурге";4;8;7;;1;26;18;23;23;16;23.6;943000;1;1;0
"купить щебень и отсев в екатеринбурге с доставкой цена";5;8;9;;1;22;22;19;19;19;48.5;1000000;0;0;9
"отсев в мешках купить";3;7;4;;;587;17;83;3;3;11.5;640000;0;0;7
"щебенка 20 40";2;7;3;;;290;17;6;2;2;0.3;3000000;0;0;9
"заказать щебень";3;7;2;;;2134;65;78;9;9;0.3;14000;1;1;0
"купить холодный асфальт в екатеринбурге в мешках";4;7;7;;1;39;3;92;92;3;33.1;703000;2;2;0
"камаз щебня цена с доставкой";2;7;5;;;500;191;16;6;4;54.2;713000;0;0;0
"купить керамзит в екатеринбурге в мешках цена";2;7;7;;1;15;4;10;10;4;6.2;1000000;0;0;0
"щебень камаз";3;7;2;;;4582;28;176;4;4;23.7;212000;0;0;7
"отсев куб доставка";3;7;3;;;505;4;60;3;3;0.3;572000;0;0;9
"щебень цена за 1 м3";3;7;5;;;2975;90;124;5;2;19.7;4000000;1;1;0
"отсев щебня цена за тонну";4;7;5;;;187;48;5;2;2;11.6;957000;0;0;7
"керамзит цена за мешок 50 кг";3;6;6;;;265;129;4;3;2;11.2;2000000;0;0;2
"щебень отсев";2;6;2;;;5928;94;269;4;4;22;177000;1;1;8
"купить холодный асфальт в екатеринбурге";3;6;5;;1;349;13;238;30;10;82.6;850000;0;0;8
"щебень с доставкой";2;6;3;;;32411;136;864;8;8;50.7;569000;0;0;9
"керамзит в мешках купить";2;6;4;;;6235;195;98;7;2;12.9;783000;0;0;8
"мокрый асфальт в мешках цена";4;6;5;;;95;66;4;2;2;0.3;982000;1;1;8
"гравий цена за тонну";2;6;4;;;156;11;3;2;2;0.3;853000;0;0;0
"купить гранитный отсев с доставкой";3;6;5;;;72;5;3;3;3;0.3;887000;0;0;0
"цена щебень 20 40 за куб";2;6;6;;;762;28;9;9;5;33.3;2000000;0;0;2
"холодный асфальт купить в екатеринбурге";3;6;5;;1;41;9;30;5;5;19.6;735000;0;0;0
"отсев стоимость за куб";3;6;4;;;40;7;6;2;2;0.3;814000;0;0;9
"скальники 34 размер купить";4;6;4;;;15;9;4;4;4;0.3;1000000;0;0;10
"отсев в мешках купить в екатеринбурге";2;5;6;;1;50;19;34;17;17;22;722000;0;0;0
"холодный асфальт перед гаражом";3;5;4;;;14;2;2;2;2;0.3;12000;1;1;8
"щебень оптом";2;5;2;;;1344;143;21;10;6;157.2;175000;2;2;4
"холодный асфальт екатеринбург купить";3;5;4;;1;362;2;247;4;2;50.4;916000;0;0;9
"щебень доставка";2;5;2;;;38136;64;1319;9;3;65.8;2000;1;1;10
"строительный щебень";2;5;2;;;5614;18;128;3;2;0.3;11000;0;0;0
"куплю щебень";2;5;2;;;117209;146;2043;125;4;87.2;23000;0;0;0
"щебень с доставкой купить";3;5;4;;;24405;51;476;3;2;28.2;757000;0;0;0
"мелкий щебень";2;5;2;;;2491;302;40;3;2;0.3;254000;0;0;0
"щебенка";2;5;1;;;48204;1821;550;33;30;44.1;1000000;0;0;0
"щебень навалом";2;4;2;;;143;13;10;2;2;0.3;177000;0;0;8
"купить отсев в мешках в екатеринбурге";2;4;6;;1;123;15;93;53;14;40.4;878000;0;0;9
"каменная крошка";2;4;2;;;5649;199;118;2;2;11.6;220000;0;0;0
"керамзит в бигбегах цена за 1 м3 с доставкой";2;4;9;;;84;67;3;2;2;0.3;4000000;0;0;9
"отсев для тротуарной плитки купить в мешках";2;4;7;;;85;53;8;8;8;0.3;826000;0;0;9
"скальники скалолаз";2;4;2;;;8;3;3;2;2;0.3;184000;1;1;0
"холодный асфальт от производителя";3;4;4;;;65;8;2;2;2;0.3;474000;2;2;9
"сухой асфальт в мешках";2;4;4;;;875;177;11;5;3;11.3;267000;0;0;0
"керамзит купить в москве";2;4;4;;1;528;43;2;2;2;0.3;1000000;2;2;9
"купить щебень мелкой фракции";2;4;4;;;116;13;6;2;2;0.3;692000;0;0;0
"керамзит мешки купить";2;3;3;;;6456;2;101;2;2;0.3;810000;0;0;10
"асфальт в мешках";2;3;3;;;3110;199;59;5;5;10.5;268000;0;1;0
"щебень купить";2;3;2;;;44758;712;610;24;20;98.2;774000;0;0;0
"про щебень екатеринбург";2;3;3;;1;10;5;7;5;4;68.6;761000;1;1;0
"сургут керамзит";2;2;2;;1;126;3;10;2;2;0.3;55000;1;1;8
