запрос,частота,причина,родитель
"щебень пермь","85","минус-слово: перм","щебень"
"щебень тюмень","81","минус-слово: тюмен","щебень"
"пермский щебень","66","минус-слово: перм","щебень"
"щебень москва","60","минус-слово: москв","щебень"
"белый мраморный щебень купить в костромской области","53","минус-слово: омск","щебень"
"купить щебень в костромской области","53","минус-слово: омск","щебень"
"скачать щебнем","50","минус-слово: скачать","щебень"
"купить щебень в тюмени","39","минус-слово: тюмен","щебень"
"щебень купить в перми","26","минус-слово: перм","щебень купить"
"купить щебень в кургане","25","минус-слово: курган","щебень купить"
"купить мраморный щебень в омской области","24","минус-слово: омск","щебень купить"
"купить щебень омская область","24","минус-слово: омск","щебень купить"
"белый мраморный щебень купить в казахстане","20","минус-слово: казахстан","щебень купить"
"щебень цена тюмень","13","минус-слово: тюмен","щебень цена"
"лемано про щебень цена тюмень","6","минус-слово: тюмен","щебень цена"
"щебень цена пермь","5","минус-слово: перм","щебень цена"
"щебень с доставкой тюмень","7","минус-слово: тюмен","щебень с доставкой"
"щебень с доставкой пермь","6","минус-слово: перм","щебень с доставкой"
"купить щебень в москве с доставкой","5","минус-слово: москв","щебень с доставкой"
"щебень с доставкой москва","5","минус-слово: москв","щебень с доставкой"
"купить щебень в тюмени с доставкой","5","минус-слово: тюмен","щебень с доставкой"
"щебень с доставкой в челябинске","4","минус-слово: челябинск","щебень с доставкой"
"щебень тюмень цена с доставкой","4","минус-слово: тюмен","щебень с доставкой"
"купить щебень с доставкой в челябинске","3","минус-слово: челябинск","щебень с доставкой"
"доставка щебня спб с доставкой","2","минус-слово: спб","щебень с доставкой"
"щебень челябинск цена с доставкой","2","минус-слово: челябинск","щебень с доставкой"
"гранитный щебень в москве с доставкой","2","минус-слово: москв","щебень с доставкой"
"щебень купить в москве с доставкой цена","2","минус-слово: москв","щебень с доставкой"
"щебень с доставкой цена москва","2","минус-слово: москв","щебень с доставкой"
"щебень в новосибирске с доставкой","2","минус-слово: новосибирск","щебень с доставкой"
"щебень купить в новосибирске с доставкой","2","минус-слово: новосибирск","щебень с доставкой"
"щебень с доставкой омск","2","минус-слово: омск","щебень с доставкой"
"щебень 5 20 челябинск цена с доставкой","1","минус-слово: челябинск","щебень с доставкой"
"купить щебень в новосибирске с доставкой цена","1","минус-слово: новосибирск","щебень с доставкой"
"купить щебень в омске с доставкой","1","минус-слово: омск","щебень с доставкой"
"щебень в новосибирске с доставкой цена","1","минус-слово: новосибирск","щебень с доставкой"
"щебень купить в перми с доставкой","1","минус-слово: перм","щебень с доставкой"
"купить щебень в челябинске с доставкой цена","1","минус-слово: челябинск","щебень с доставкой"
"щебень 20 40 челябинск цена с доставкой","1","минус-слово: челябинск","щебень с доставкой"
"гранитный щебень тюмень","8","минус-слово: тюмен","щебень гранитный"
"купить гранитный щебень в тюмени","8","минус-слово: тюмен","щебень гранитный"
"гранитный щебень пермь","7","минус-слово: перм","щебень гранитный"
"гранитный щебень в москве","6","минус-слово: москв","щебень гранитный"
"купить щебень гранитный в москве","6","минус-слово: москв","щебень гранитный"
"щебень гранитный квадрат пермь фролы лис","5","минус-слово: перм","щебень гранитный"
"гранитный щебень 20 40 москва","3","минус-слово: москв","щебень гранитный"
"щебень гранитный 20 40 купить в москве","3","минус-слово: москв","щебень гранитный"
"цена щебень гранитный москва","2","минус-слово: москв","щебень гранитный"
"вторичный щебень самара","1","минус-слово: самар","щебень вторичный"
"щебень 5 20 челябинская область","10","минус-слово: челябинск","щебень 5-20"
"щебень 5 20 тюмень","8","минус-слово: тюмен","щебень 5-20"
"щебень 5 20 купить в тюмени","7","минус-слово: тюмен","щебень 5-20"
"щебень 5 20 купить челябинск","2","минус-слово: челябинск","щебень 5-20"
"щебень 5 20 челябинск цена","1","минус-слово: челябинск","щебень 5-20"
"щебень 5 20 пермь","1","минус-слово: перм","щебень 5-20"
"щебень 5 20 цена тюмень","1","минус-слово: тюмен","щебень 5-20"
"щебень 20 40 москва","15","минус-слово: москв","щебень 20-40"
"щебень 20 40 в новосибирске","14","минус-слово: новосибирск","щебень 20-40"
"щебень 20 40 пермь","10","минус-слово: перм","щебень 20-40"
"сертификат на щебень 20 40 скачать","9","минус-слово: скачать","щебень 20-40"
"паспорт на щебень 20 40 скачать","5","минус-слово: скачать","щебень 20-40"
"щебень 20 40 купить в тюмени","4","минус-слово: тюмен","щебень 20-40"
"щебень 20 40 тюмень","4","минус-слово: тюмен","щебень 20-40"
"щебень 20 40 купить в москве","3","минус-слово: москв","щебень 20-40"
"щебень 20 40 купить в перми","3","минус-слово: перм","щебень 20-40"
"щебень 20 40 челябинск","3","минус-слово: челябинск","щебень 20-40"
"щебень 20 40 цена москва","2","минус-слово: москв","щебень 20-40"
"паспорт качества на щебень 20 40 скачать","2","минус-слово: скачать","щебень 20-40"
"щебень 20 40 в омске","2","минус-слово: омск","щебень 20-40"
"цена щебня 20 40 в тюмени","2","минус-слово: тюмен","щебень 20-40"
"щебень 20 40 купить в новосибирске","1","минус-слово: новосибирск","щебень 20-40"
"щебень 20 40 купить омске","1","минус-слово: омск","щебень 20-40"
"купить щебень фракции 20 40 челябинск","1","минус-слово: челябинск","щебень 20-40"
"щебень 20 40 купить в челябинске","1","минус-слово: челябинск","щебень 20-40"
"щебень 20 40 челябинск цена","1","минус-слово: челябинск","щебень 20-40"
"щебень 40 70 москва","7","минус-слово: москв","щебень 40-70"
"щебень пермь 40 70","1","минус-слово: перм","щебень 40-70"
"бутовый камень купить в челябинске","12","минус-слово: челябинск","бутовый камень"
"купить бутовый камень в тюмени","2","минус-слово: тюмен","бутовый камень"
"отсесть","52","не по теме","отсев"
"отседать","22","не по теме","отсев"
"от меня отсаживаются люди от меня воняют","20","не по теме","отсев"
"отсеть","14","не по теме","отсев"
"отсев скачать","6","минус-слово: скачать","отсев"
"рената литвинова и пусть люди отсаживаются","5","не по теме","отсев"
"отсев курган","5","минус-слово: курган","отсев"
"песок фильм","1806","minus:фильм","песок"
"песков скачать","832","minus:скачать","песок"
"песня на песке","813","minus:песня","песок"
"сахарный песок","790","minus:сахарн","песок"
"кинетический песок","540","minus:кинетическ","песок"
"песок в почках","538","minus:почк","песок"
"пески времени фильм","504","minus:фильм","песок"
"фильм пески персии","472","minus:фильм","песок"
"персии пески времени фильм","469","minus:фильм","песок"
"принц песка времени фильм","458","minus:фильм","песок"
"фильм принц песков","458","minus:фильм","песок"
"фильм принц персии пески времени","457","minus:фильм","песок"
"фильмы принц персии пески","457","minus:фильм","песок"
"песок фильм 2010","449","minus:фильм","песок"
"пески времени фильм 2010","447","minus:фильм","песок"
"принц персии пески времени фильм 2010","447","minus:фильм","песок"
"принц персии фильм 2010 пески","447","minus:фильм","песок"
"море песок песня","367","minus:песня","песок"
"песня где на песке","336","minus:песня","песок"
"песок майнкрафт","334","minus:майнкрафт","песок"
"желтый песок песня","329","minus:песня","песок"
"песня русская песка","322","minus:песня","песок"
"на берегу песок песня","322","minus:песня","песок"
"смотреть фильм песок","260","minus:фильм","песок"
"игры с песком","257","minus:игры","песок"
"фильм кровь и песок","243","minus:фильм","песок"
"курганский песок","228","minus:курган","песок"
"белый песок песня","211","minus:песня","песок"
"пески курганская область","206","minus:курган","песок"
"рисунки песком","203","minus:рисун","песок"
"песочный песок","200","minus:песочн","песок"
"сколько сахарного песка","195","minus:сахарн","песок"
"сахарный песок 1","185","minus:сахарн","песок"
"песок в мочевом","182","minus:моч","песок"
"смена песка в песочницах","176","minus:песочн","песок"
"спартак фильмы песок","168","minus:фильм","песок"
"фильм спартак кровь и песок","160","minus:фильм","песок"
"песка в песочнице производится","153","minus:песочн","песок"
"смена песка в песочницах производится","153","minus:песочн","песок"
"море песок скачать","152","minus:скачать","песок"
"песков симптомы","150","minus:симптом","песок"
"песок играть","150","minus:игра","песок"
"сахарный песок кг","149","minus:сахарн","песок"
"купить песок в кургане","86","minus:курган","песок купить"
"сахарный песок купить","78","minus:сахарн","песок купить"
"купить песок для песочницы","66","minus:песочн","песок купить"
"песок для песочницы купить в екатеринбурге","32","minus:песочн","песок купить"
"купить песок в тюмени","26","minus:тюмен","песок купить"
"купить песок б у в кургане","21","minus:курган","песок купить"
"песок для аквариума купить","18","minus:аквариум","песок купить"
"сахарный песок кг купить","18","minus:сахарн","песок купить"
"купить песок для детской песочницы","17","minus:песочн","песок купить"
"песок купить в перми","15","minus:перм","песок купить"
"кинетический песок купить","14","minus:кинетическ","песок купить"
"купить песок песочном","14","minus:песочн","песок купить"
"купить сахарный песок на авито","13","minus:сахарн","песок купить"
"купить сахарный песок дешево","13","minus:сахарн","песок купить"
"купить сахарный песок 1","12","minus:сахарн","песок купить"
"купить песок в тюмени с доставкой","12","minus:тюмен","песок купить"
"купить песок в новосибирске","11","minus:новосибирск","песок купить"
"сахарный песок купить мешок","10","minus:сахарн","песок купить"
"песок строительный купить в новосибирске","9","minus:новосибирск","песок купить"
"песок в песочницу в мешках купить","8","minus:песочн","песок купить"
"купить песок тюмень цена","8","minus:тюмен","песок купить"
"купить сахарный песок в мешках 50 кг","8","minus:сахарн","песок купить"
"куплю сахарный песок 50","8","minus:сахарн","песок купить"
"сахарный песок 50 кг купить","8","minus:сахарн","песок купить"
"кварцевый песок купить в тюмени","8","minus:тюмен","песок купить"
"сахарный песок купить цена","8","minus:сахарн","песок купить"
"песок купить в тюмени с доставкой цена","7","minus:тюмен","песок купить"
"купить сахарный песок сегодня","7","minus:сахарн","песок купить"
"купить сахарный песок 5","7","minus:сахарн","песок купить"
"сахарный песок 5 кг купить","7","minus:сахарн","песок купить"
"сахарный песок купить 1 кг","7","minus:сахарн","песок купить"
"купить сахарный песок оптом","6","minus:сахарн","песок купить"
"где купить сахарный песок","6","minus:сахарн","песок купить"
"купить песок в тюмени с доставкой недорого","6","minus:тюмен","песок купить"
"купить щебень песок в перми","6","minus:перм","песок купить"
"купить сахарный песок в мешках по 50","5","minus:сахарн","песок купить"
"песок для песочной терапии купить","5","minus:песочн","песок купить"
"кварцевый песок для аквариума купить","5","minus:аквариум","песок купить"
"коралловый песок для аквариума купить","5","minus:аквариум","песок купить"
"песок купить в челябинске","4","minus:челябинск","песок купить"
"где купить дешевый сахарный песок","4","minus:сахарн","песок купить"
"где можно купить сахарный песок","4","minus:сахарн","песок купить"
"где можно купить сахарный песок дешевле","4","minus:сахарн","песок купить"
"купить песок для детских песочниц с сертификатом","4","minus:песочн","песок купить"
"песок для песочницы купить с сертификатом","4","minus:песочн","песок купить"
"купить песок для кошек","4","minus:для кошек","песок купить"
"купить сахарный песок в розницу","4","minus:сахарн","песок купить"
"купить сахарный песок оптом от производителя цена","4","minus:сахарн","песок купить"
"купить сахарный песок от производителя","4","minus:сахарн","песок купить"
"сахарный песок от производителя опт купить","4","minus:сахарн","песок купить"
"купить сахарный песок 2 кг","3","minus:сахарн","песок купить"
"купить сахарный песок 3 кг","3","minus:сахарн","песок купить"
"купить песок в москве","3","minus:москв","песок купить"
"купить речной песок для песочницы","3","minus:песочн","песок купить"
"где купить песок для песочницы","3","minus:песочн","песок купить"
"песок купить в челябинске цена","2","minus:челябинск","песок купить"
"песок речной купить в перми","2","minus:перм","песок купить"
"пермь купить песок для пескоструя","2","minus:перм","песок купить"
"песок в мешках пермь купить","2","minus:перм","песок купить"
"сахарный песок купить магазин","2","minus:сахарн","песок купить"
"кварцевый песок купить челябинск","2","minus:челябинск","песок купить"
"купить песок для песочницы для детей","2","minus:песочн","песок купить"
"где можно купить песок для песочницы","2","minus:песочн","песок купить"
"купить сахарный песок 1 кг цена","2","minus:сахарн","песок купить"
"купить сахарный песок 50кг","2","minus:сахарн","песок купить"
"купить сахарный песок в пятерочке","2","minus:сахарн","песок купить"
"купить сахарный песок в пятерочке цена","2","minus:сахарн","песок купить"
"песок с доставкой тюмень","13","minus:тюмен","песок с доставкой"
"песок тюмень цена с доставкой","7","minus:тюмен","песок с доставкой"
"заказать сахарный песок с доставкой на дом","3","minus:сахарн","песок с доставкой"
"сахарный песок с доставкой","3","minus:сахарн","песок с доставкой"
"сахарный песок с доставкой на дом","3","minus:сахарн","песок с доставкой"
"песок с доставкой для песочницы","2","minus:песочн","песок с доставкой"
"песок с доставкой курган","2","minus:курган","песок с доставкой"
"купить песок в перми с доставкой","1","minus:перм","песок с доставкой"
"купить песок в перми с доставкой цена","1","minus:перм","песок с доставкой"
"песок с доставкой пермь","1","minus:перм","песок с доставкой"
"песок с доставкой пермь цена","1","minus:перм","песок с доставкой"
"купить песок в москве с доставкой цена","1","minus:москв","песок с доставкой"
"купить песок с доставкой москва","1","minus:москв","песок с доставкой"
"песок в москве с доставкой цена","1","minus:москв","песок с доставкой"
"песок с доставкой москва","1","minus:москв","песок с доставкой"
"песок карьерный москва","2","minus:москв","песок карьерный"
"песок карьерный купить в москве","1","minus:москв","песок карьерный"
"речной и сахарный песок","89","minus:сахарн","песок речной"
"способ разделения сахарного и речного песка","75","minus:сахарн","песок речной"
"способ разделения смесей сахарного и речного песка","75","minus:сахарн","песок речной"
"песок речной для песочниц","13","minus:песочн","песок речной"
"как разделить речной и сахарный песок","8","minus:сахарн","песок речной"
"песок речной пермь","3","minus:перм","песок речной"
"речной песок в аквариум","2","minus:аквариум","песок речной"
"песок речной купить в новосибирске","1","minus:новосибирск","песок речной"
"песок речной купить в челябинске","1","minus:челябинск","песок речной"
"песок речной москва","1","minus:москв","песок речной"
"песок речной новосибирск","1","minus:новосибирск","песок речной"
"речной песок в челябинске","1","minus:челябинск","песок речной"
"речной песок купить в москве","1","minus:москв","песок речной"
"можно ли речной песок в аквариум","1","minus:аквариум","песок речной"
"как мыть песок для аквариума","2","minus:аквариум","песок мытый"
"мытый песок для аквариума","2","minus:аквариум","песок мытый"
"песок мытый москва","1","minus:москв","песок мытый"
"песок мытый челябинск","1","minus:челябинск","песок мытый"
"песок мытый челябинск купить","1","minus:челябинск","песок мытый"
"строительный песок новосибирск","9","minus:новосибирск","песок строительный"
"строительные игры с песком","6","minus:игры","песок строительный"
"раскраски строительные машины трактор с песком","6","minus:раскраск","песок строительный"
"скачать сертификат на песок строительный","4","minus:скачать","песок строительный"
"паспорт качества на песок строительный скачать","1","minus:скачать","песок строительный"
"паспорт песок строительный скачать","1","minus:скачать","песок строительный"
"песок строительный купить в челябинске","1","minus:челябинск","песок строительный"
"песок строительный пермь","1","minus:перм","песок строительный"
"песок строительный сертификат соответствия скачать","1","minus:скачать","песок строительный"
"сертификат на песок строительный скачать бесплатно","1","minus:скачать","песок строительный"
"сертификат соответствия на песок строительный скачать бесплатно","1","minus:скачать","песок строительный"
"строительные пески челябинск","1","minus:челябинск","песок строительный"
"песок строительный москва","1","minus:москв","песок строительный"
"песок строительный тюмень","1","minus:тюмен","песок строительный"
"сертификат на песок строительный 2026 скачать","1","minus:скачать","песок строительный"
"цена намывного песка в челябинске","5","minus:челябинск","песок намывной"
"песок для песочницы екатеринбург","47","minus:песочн","песок для песочницы"
"песок для детской песочницы","39","minus:песочн","песок для песочницы"
"какой песок для песочницы","21","minus:песочн","песок для песочницы"
"мешок песка для песочницы","15","minus:песочн","песок для песочницы"
"фракция песка для песочницы","14","minus:песочн","песок для песочницы"
"песок 5 кг для песочницы","12","minus:песочн","песок для песочницы"
"песок для песочницы для детей","12","minus:песочн","песок для песочницы"
"какой песок лучше для песочниц","11","minus:песочн","песок для песочницы"
"лучший песок для песочницы","11","minus:песочн","песок для песочницы"
"сколько песка для песочницы","11","minus:песочн","песок для песочницы"
"кварцевый песок для песочницы","9","minus:песочн","песок для песочницы"
"песок для интерактивной песочницы","9","minus:песочн","песок для песочницы"
"купить мешок песка для песочницы","8","minus:песочн","песок для песочницы"
"песок для песочницы в мешках екатеринбург","8","minus:песочн","песок для песочницы"
"сколько песка нужно для песочницы","8","minus:песочн","песок для песочницы"
"доставка песка для песочницы","7","minus:песочн","песок для песочницы"
"песочница для кинетического песка","6","minus:кинетическ","песок для песочницы"
"белый песок для песочницы","6","minus:песочн","песок для песочницы"
"куб песка для песочницы","5","minus:песочн","песок для песочницы"
"песок для песочницы сертификат","4","minus:песочн","песок для песочницы"
"как называется песок для песочницы","4","minus:песочн","песок для песочницы"
"песок для стола песочницы","4","minus:песочн","песок для песочницы"
"песок для песочницы с подсветкой","4","minus:песочн","песок для песочницы"
"песочница для рисования песком","4","minus:песочн","песок для песочницы"
"песочница с подсветкой для рисования песком","4","minus:песочн","песок для песочницы"
"желтый песок для песочницы","4","minus:песочн","песок для песочницы"
"кварцевый песок для песочницы можно ли","4","minus:песочн","песок для песочницы"
"кварцевый песок можно использовать для песочницы","4","minus:песочн","песок для песочницы"
"песок для детской песочницы гост","3","minus:песочн","песок для песочницы"
"песок для песочницы гост","3","minus:песочн","песок для песочницы"
"мелкий песок для песочницы","3","minus:песочн","песок для песочницы"
"кварцевый песок для детской песочницы","3","minus:песочн","песок для песочницы"
"песок для детской песочницы детского сада","2","minus:песочн","песок для песочницы"
"песок для песочницы в сад","2","minus:песочн","песок для песочницы"
"гост 8736 2014 песок для детских песочниц","2","minus:песочн","песок для песочницы"
"песок для психологической песочницы","2","minus:песочн","песок для песочницы"
"песок для юнгианской песочницы","2","minus:песочн","песок для песочницы"
"песок для детских песочниц ладушки","2","minus:песочн","песок для песочницы"
"песок для песочниц ладушки 25кг","2","minus:песочн","песок для песочницы"
"песок для песочницы 25кг","2","minus:песочн","песок для песочницы"
"песок для песочницы ладушки","2","minus:песочн","песок для песочницы"
"песок прокаленный для песочницы","2","minus:песочн","песок для песочницы"
"где брать песок для песочницы","2","minus:песочн","песок для песочницы"
"какой песок для детской песочницы","2","minus:песочн","песок для песочницы"
"какой песок лучше для детской песочницы","2","minus:песочн","песок для песочницы"
"лучший песок для детской песочницы","2","minus:песочн","песок для песочницы"
"какой песок нужно для песочницы","2","minus:песочн","песок для песочницы"
"какой песок используют для песочницы","1","minus:песочн","песок для песочницы"
"песок для песочницы недорогой","1","minus:песочн","песок для песочницы"
"цена песка для песочницы","1","minus:песочн","песок для песочницы"
"какой песок используется для песочницы","1","minus:песочн","песок для песочницы"
"какая фракция песка для песочницы","1","minus:песочн","песок для песочницы"
"какой песок выбрать для песочницы","1","minus:песочн","песок для песочницы"
"какой песок подходит для песочницы","1","minus:песочн","песок для песочницы"
"надувная песочница для кинетического песка","1","minus:кинетическ","песок для песочницы"
"надувная песочница для песка","1","minus:песочн","песок для песочницы"
"песок для световых песочниц","1","minus:песочн","песок для песочницы"
"песочница для кинетического песка с крышкой","1","minus:кинетическ","песок для песочницы"
"цветной песок для песочницы","1","minus:песочн","песок для песочницы"
"песок для интерактивной песочницы купить","1","minus:песочн","песок для песочницы"
"сколько стоит песок для песочницы","1","minus:песочн","песок для песочницы"
"пгс пермский край","19","minus:перм","пгс"
"пгс москва","14","minus:москв","пгс"
"пгс пермь","13","minus:перм","пгс"
"пгс спбгасу","7","minus:спб","пгс"
"пгс скачать","7","minus:скачать","пгс"
"пгс часы","5","minus:часы","пгс"
"купить пгс щебень пермский край село юрла","5","minus:перм","пгс"
"гравий майнкрафт","79","minus:майнкрафт","гравий"
"скачать гравий","44","minus:скачать","гравий"
"песня гравий","26","minus:песня","гравий"
"гравий игра","21","minus:игра","гравий"
"песня гравий стопбан","20","minus:песня","гравий"
"стопбан гравий скачать","20","minus:скачать","гравий"
"подозрительный гравий майнкрафт","15","minus:майнкрафт","гравий"
"скачать песню гравий","10","minus:скачать","гравий"
"гравий песок майнкрафт","10","minus:майнкрафт","гравий"
"гравий майнкрафт где","9","minus:майнкрафт","гравий"
"гравий пермь пермь","8","minus:перм","гравий"
"гравий цена пермь","8","minus:перм","гравий"
"подозрительный песок и гравий в майнкрафт","8","minus:майнкрафт","гравий"
"текст песни гравий","7","minus:песни","гравий"
"скачать песню стопбан гравий","6","minus:скачать","гравий"
"текст песни гравий стопбан","6","minus:песни","гравий"
"гравии тюмень","5","minus:тюмен","гравий"
"майнкрафт гравий мод на","5","minus:майнкрафт","гравий"
"как добыть гравий в майнкрафт","5","minus:майнкрафт","гравий"
"гравий майнкрафт текстура","5","minus:майнкрафт","гравий"
"гравий купить в перми","5","minus:перм","гравий"
"гравий купить в перми с доставкой","5","minus:перм","гравий"
"гравий купить в перми с доставкой цена","5","minus:перм","гравий"
"гравий купить в перми цена","5","minus:перм","гравий"
"доставка гравия в перми","5","minus:перм","гравий"
"купить гравий в тюмени","4","minus:тюмен","гравий"
"бесконечная ферма гравия майнкрафт","3","minus:майнкрафт","гравий"
"майнкрафт ферма гравия","3","minus:майнкрафт","гравий"
"скачать моды на фс 19 гравий","3","minus:скачать","гравий"
"minecraft гравий","3","minus:minecraft","гравий"
"где можно найти гравий в майнкрафте","3","minus:майнкрафт","гравий"
"где найти гравий в майнкрафте","3","minus:майнкрафт","гравий"
"гравий майнкрафт где добыть","3","minus:майнкрафт","гравий"
"к чему снится гравий","3","minus:снится","гравий"
"рисунок гравия","2","minus:рисун","гравий"
"5 галек","111","off-topic","галька"
"галек 3","51","off-topic","галька"
"галька для аквариума","35","minus:аквариум","галька"
"галька челябинск","23","minus:челябинск","галька"
"пять галек","17","off-topic","галька"
"галька тюмень","15","minus:тюмен","галька"
"галька санкт петербург","14","minus:петербург","галька"
"кварцевая галька для аквариума","10","minus:аквариум","галька"
"rain world галек","9","off-topic","галька"
"пять галек rain world","9","off-topic","галька"
"галек история","7","off-topic","галька"
"великий галек","7","off-topic","галька"
"raid shadow legends галек","7","off-topic","галька"
"raid галек","7","off-topic","галька"
"shadow legends галек","7","off-topic","галька"
"галек raid shadow","7","off-topic","галька"
"галек рейд","7","off-topic","галька"
"галек таланты","7","off-topic","галька"
"грунт галька для аквариума","6","minus:аквариум","галька"
"галек гайд","5","off-topic","галька"
"галек гайд талантов","5","off-topic","галька"
"черная галька для аквариума","5","minus:аквариум","галька"
"пропант или галька для аквариума","5","minus:аквариум","галька"
"галька речная купить в тюмени","5","minus:тюмен","галька"
"купить гальку в тюмени","5","minus:тюмен","галька"
"речная галька тюмень","5","minus:тюмен","галька"
"рисунки на гальке","4","minus:рисун","галька"
"галек рейд гайд таланты","4","off-topic","галька"
"галек рейд таланты","4","off-topic","галька"
"рейд галек гайд","4","off-topic","галька"
"песочная галька","4","minus:песочн","галька"
"дикий галек","3","off-topic","галька"
"скачать галька","3","minus:скачать","галька"
"мелкая галька для аквариума","3","minus:аквариум","галька"
"фильм галька","3","minus:фильм","галька"
"великий галек гайд","3","off-topic","галька"
"великий галек рейд","3","off-topic","галька"
"великий галек рейд гайд","3","off-topic","галька"
"великий галек рейд гайд таланты","3","off-topic","галька"
"великий галек таланты","3","off-topic","галька"
"рейд великий галек таланты","3","off-topic","галька"
"тапочки для гальки","3","minus:почк","галька"
"крупная галька для аквариума","2","minus:аквариум","галька"
"обои галька","2","minus:обои","галька"
"обои под гальку","2","minus:обои","галька"
"можно ли гальку в аквариум","2","minus:аквариум","галька"
"растения в аквариуме в гальке","2","minus:аквариум","галька"
"краснодар гальке","2","minus:краснодар","галька"
"купить гальку в краснодаре","2","minus:краснодар","галька"
"камни галька рисунок","2","minus:рисун","галька"
"керамзит тюмень","37","minus:тюмен","керамзит"
"керамзит фильм","31","minus:фильм","керамзит"
"керамзит в кургане","20","minus:курган","керамзит"
"купить керамзит в кургане","20","minus:курган","керамзит"
"море керамзит фильм","19","minus:фильм","керамзит"
"море горе керамзит фильм","16","minus:фильм","керамзит"
"фильм горы керамзит","16","minus:фильм","керамзит"
"фильм море горе море горы керамзит","16","minus:фильм","керамзит"
"фильм море горы керамзит","16","minus:фильм","керамзит"
"смотреть фильм керамзит","15","minus:фильм","керамзит"
"керамзит челябинск","14","minus:челябинск","керамзит"
"смотреть фильм море керамзит","13","minus:фильм","керамзит"
"завод керамзита тюмень","11","minus:тюмен","керамзит"
"керамзит пермь","11","minus:перм","керамзит"
"смотреть фильм горе море керамзит","9","minus:фильм","керамзит"
"смотреть фильм горы керамзит","9","minus:фильм","керамзит"
"смотреть фильм море горы керамзит","9","minus:фильм","керамзит"
"керамзит купить в челябинске","8","minus:челябинск","керамзит"
"крупнообломочные скальные грунты","3","minus:моч","скальный грунт"
"грунт скальный крупнообломочный гост 25100 2020","1","minus:моч","скальный грунт"
"глина майнкрафт","153","minus:майнкрафт","глина"
"глина краснодарский край","64","minus:краснодар","глина"
"краснодарская глина","64","minus:краснодар","глина"
"белая глина краснодарский","63","minus:краснодар","глина"
"белая глина краснодарский край","63","minus:краснодар","глина"
"глина песни","47","minus:песни","глина"
"рисунок из глины","44","minus:рисун","глина"
"тесто глина","40","minus:тесто","глина"
"скачать глине","37","minus:скачать","глина"
"глина фильм","37","minus:фильм","глина"
"статуэтки из глины","36","minus:тату","глина"
"майнкрафт глина где","35","minus:майнкрафт","глина"
"суглинок в тюмени","2","minus:тюмен","суглинок"
"мы суглинки белые собачки песня","2","minus:песня","суглинок"
"песня суглинки белые","2","minus:песня","суглинок"
"суглинки песня","2","minus:песня","суглинок"
"суглинки собачки песня","2","minus:песня","суглинок"
"заказать асфальтная крошка срез курган","10","minus:курган","асфальтная крошка"
"асфальтная крошка пермь","8","minus:перм","асфальтная крошка"
"купить асфальтную крошку в перми","4","minus:перм","асфальтная крошка"
"асфальтная крошка тюмень","1","minus:тюмен","асфальтная крошка"
"доставка щебня москва","6","minus:москв","доставка щебня"
"доставка щебня в челябинске","4","minus:челябинск","доставка щебня"
"доставка щебня омск","3","minus:омск","доставка щебня"
"доставка щебня в спб","2","minus:спб","доставка щебня"
"доставка щебня цена челябинск","2","minus:челябинск","доставка щебня"
"доставка щебня москва цена","2","minus:москв","доставка щебня"
"доставка щебня в новосибирске","2","minus:новосибирск","доставка щебня"
"доставка щебня в перми","1","minus:перм","доставка щебня"
"доставка сахарного песка","3","minus:сахарн","доставка песка"
"сахарный песок доставка на дом","3","minus:сахарн","доставка песка"
"доставка песок курган","2","minus:курган","доставка песка"
"доставка песка пермь","1","minus:перм","доставка песка"
"доставка песка пермь цена","1","minus:перм","доставка песка"
"доставка песка петербург","1","minus:петербург","доставка песка"
"доставка песка санкт петербург","1","minus:петербург","доставка песка"
"камаз песка тюмень","6","minus:тюмен","камаз песка"
"сколько стоит камаз песка в тюмени","2","minus:тюмен","камаз песка"
"наполнитель для дренажа вместо щебня","1","minus:наполнител","щебень для дренажа"
"отсыпка участка челябинск","2","minus:челябинск","отсыпка участка"
"отсыпка участка тюмень","1","minus:тюмен","отсыпка участка"
"купить щебень пермский край","18","minus:перм","купить щебень"
"белый мраморный щебень купить в тюменской области","16","minus:тюмен","купить щебень"
"купить щебень в москве","16","minus:москв","купить щебень"
"купить щебень в омске","12","minus:омск","купить щебень"
"купить щебень в челябинске","9","minus:челябинск","купить щебень"
"купить мраморный щебень в омске","9","minus:омск","купить щебень"
"купить щебень пермский край губаха","7","minus:перм","купить щебень"
"щебень купить в челябинской области","6","minus:челябинск","купить щебень"
"щебень купить спб","6","minus:спб","купить щебень"
"купить щебень петербург","5","minus:петербург","купить щебень"
"щебень в мешках купить в перми","5","minus:перм","купить щебень"
"щебень купить в курганово","5","minus:курган","купить щебень"
"купить щебень москва 40","4","minus:москв","купить щебень"
"купить щебень в санкт петербурге","4","minus:петербург","купить щебень"
"купить белый щебень в тюмени","4","minus:тюмен","купить щебень"
"щебень декоративный купить в тюмени","4","minus:тюмен","купить щебень"
"мраморный щебень купить в москве","4","minus:москв","купить щебень"
"купить щебень 40 тюмень","4","minus:тюмен","купить щебень"
"купить щебень в тюмени недорого","3","minus:тюмен","купить щебень"
"купить щебень в новосибирске","3","minus:новосибирск","купить щебень"
"купить зил щебня в челябинске","2","minus:челябинск","купить щебень"
"купить щебень 20х40 в челябинске зил","2","minus:челябинск","купить щебень"
"купить щебень верхний уфалей","2","minus:уфа","купить щебень"
"купить щебень в москве цена за м3","2","minus:москв","купить щебень"
"купить щебень москва цена","2","minus:москв","купить щебень"
"купить щебень тюмень цена","2","minus:тюмен","купить щебень"
"геотекстиль под щебень купить в перми","1","minus:перм","купить щебень"
"дренаж без щебня купить в минске","1","minus:минск","купить щебень"
"купить щебень 40 краснодар","1","minus:краснодар","купить щебень"
"купить щебень беларусь","1","minus:беларус","купить щебень"
"купить щебень краснодар","1","minus:краснодар","купить щебень"
"купить щебень новосибирск цена","1","minus:новосибирск","купить щебень"
"купить щебень самара","1","minus:самар","купить щебень"
"щебень гранитный спб купить","1","minus:спб","купить щебень"
"щебень купить минск","1","minus:минск","купить щебень"
"купить щебень челябинск цена","1","minus:челябинск","купить щебень"
"купить белый щебень москва","1","minus:москв","купить щебень"
"щебень мраморный белый купить в москве","1","minus:москв","купить щебень"
"сколько стоит щебень в тюмени","10","minus:тюмен","сколько щебня"
"сколько стоит щебень в кургане","1","minus:курган","сколько щебня"
"сколько стоит щебень в омске","1","minus:омск","сколько щебня"
"цена 1 тонны щебень пермь","1","minus:перм","тонна щебня"
"цена щебня за тонну в тюмени","1","minus:тюмен","тонна щебня"
"мембрана под щебень","9","minus:мем","щебень под"
"геомембрана под щебень","2","minus:мем","щебень под"
"геотекстиль под щебень пермь","1","minus:перм","щебень под"
"профилированная мембрана под щебень","1","minus:мем","щебень под"
"песок щебень пермь","6","minus:перм","песок щебень"
"песок щебень тюмень","2","minus:тюмен","песок щебень"
"щебень белый тюмень","4","minus:тюмен","белый щебень"
"щебень цена за м3 москва","2","minus:москв","щебень м3"
"паспорт на щебень 10 20 скачать","15","minus:скачать","щебень 10"
"щебень в мешках пермь","5","minus:перм","щебень в мешках"
"щебень в мешках томск","2","minus:омск","щебень в мешках"
"челябинский карьер щебень","2","minus:челябинск","карьер щебень"
"карьеры щебня челябинск","1","minus:челябинск","карьер щебень"
"щебень карьер челябинск","1","minus:челябинск","карьер щебень"
"карьеры челябинской области щебень","1","minus:челябинск","карьер щебень"
"щебень карьер челябинская область","1","minus:челябинск","карьер щебень"
"гост щебень статус","1","minus:тату","щебень гост"
"авито курган щебень","9","minus:курган","авито щебень"
"заказать щебень на авито пермь","5","minus:перм","авито щебень"
"щебень авито пермь","5","minus:перм","авито щебень"
"почему в москве такой дорогой щебень","5","minus:москв","дорогой щебень"
"стоимость щебня москва","3","minus:москв","стоимость щебня"
"стоимость щебня спб","2","minus:спб","стоимость щебня"
"ооо пермский щебень","14","minus:перм","ооо щебень"
"щебень недорого тюмень","3","minus:тюмен","щебень недорого"
"производство щебня технологическая цепочка","1","minus:почк","производство щебня"
"продажа щебня тюмень","1","minus:тюмен","продажа щебня"