запрос,частота,глубина,родитель
"песок","75959","0",""
"щебень","34130","0",""
"глина","28721","0",""
"отсев","8643","0",""
"керамзит","8456","0",""
"щебень купить","6852","0",""
"купить щебень","6852","1","щебень"
"песок купить","5237","0",""
"пгс","5086","0",""
"галька","3477","0",""
"песок речной","3339","0",""
"сколько щебня","3334","1","щебень"
"щебень 40","3193","1","щебень"
"фракции щебня","2929","1","щебень"
"щебень екатеринбург","2734","1","щебень"
"гравий","2600","0",""
"щебень 20-40","2485","0",""
"щебень 20 40","2485","1","щебень"
"куб щебня","2367","1","щебень"
"щебень куба","2367","1","щебень"
"щебень 5","2329","1","щебень"
"какой щебень","2103","1","щебень"
"щебень цена","1859","0",""
"тонна щебня","1830","1","щебень"
"щебень под","1771","1","щебень"
"щебень 5-20","1764","0",""
"щебень 5 20","1764","1","щебень"
"щебень с доставкой","1685","0",""
"доставка щебня","1685","0",""
"песок щебень","1475","1","щебень"
"купить щебень в екатеринбурге","1255","1","щебень"
"скальный грунт","1235","0",""
"суглинок","1226","0",""
"мраморный щебень","1219","1","щебень"
"белый щебень","1119","1","щебень"
"песок строительный","1099","0",""
"отсев щебня","1086","0",""
"ли щебень","995","1","щебень"
"щебень фракция 20","988","1","щебень"
"щебень м3","978","1","щебень"
"мраморный щебень купить","908","1","щебень"
"купить щебень с доставкой","898","1","щебень"
"доставка щебня екатеринбург","858","1","щебень"
"щебень 10","838","1","щебень"
"купить белый щебень","825","1","щебень"
"щебень 20 купить","818","1","щебень"
"дренаж участка","816","0",""
"щебень 70","799","1","щебень"
"щебень с доставкой цена","791","1","щебень"
"геотекстиль под щебень","739","1","щебень"
"20 кубов щебня","737","1","щебень"
"щебень нижний","723","1","щебень"
"щебень гранитный","716","0",""
"песок щебень цемент","712","1","щебень"
"тагил щебень","712","1","щебень"
"сколько стоит щебень","707","1","щебень"
"доставка песка","668","0",""
"щебень фракции 40","668","1","щебень"
"белый мраморный щебень","668","1","щебень"
"щебень 20 тонн","651","1","щебень"
"щебень в мешках","650","1","щебень"
"асфальтная крошка","641","0",""
"щебень 40-70","635","0",""
"щебень 40 70","635","1","щебень"
"щебень нижний тагил","631","1","щебень"
"карьер щебень","629","1","щебень"
"карьеры щебень","629","1","щебень"
"сколько щебня в кубе","626","1","щебень"
"щебень мраморный белый купить","619","1","щебень"
"1 м3 щебня","610","1","щебень"
"щебень свердловский","607","1","щебень"
"щебень для бетона","585","0",""
"щебень фото","585","1","щебень"
"щебень екатеринбург цена","585","1","щебень"
"цемент щебень бетон","576","1","щебень"
"купить щебень цена","575","1","щебень"
"щебень купить область","543","1","щебень"
"20 м3 щебня","537","1","щебень"
"щебень фракции 5","532","1","щебень"
"пропорция щебня","517","1","щебень"
"щебень свердловская область","502","1","щебень"
"купить щебень 40","498","1","щебень"
"щебень весы","492","1","щебень"
"вес щебня","491","1","щебень"
"40 кубов щебня","489","1","щебень"
"бетон цемент песок щебень","486","1","щебень"
"песок с доставкой","482","0",""
"щебень 20 40 сколько","479","1","щебень"
"щебень 20 20 цена","478","1","щебень"
"щебень фракция 20 40","468","1","щебень"
"уральский щебень","467","1","щебень"
"1 тонна щебня","459","1","щебень"
"купить щебень в мешках","439","1","щебень"
"щебень доставка екатеринбург цена","438","1","щебень"
"камаз щебня","435","0",""
"купить щебень 20 40","432","1","щебень"
"щебень гост","430","1","щебень"
"щебень 2","428","1","щебень"
"мелки щебня","426","1","щебень"
"мелкий щебень","425","1","щебень"
"авито щебень","422","1","щебень"
"20 тонн щебня сколько","415","1","щебень"
"засыпать щебень","413","1","щебень"
"щебень 40 тонн","413","1","щебень"
"куб щебня 20 40","407","1","щебень"
"отсыпка участка","405","0",""
"купить щебень в екатеринбурге с доставкой","404","1","щебень"
"щебень полевской","402","1","щебень"
"где щебень","400","1","щебень"
"купить щебень с доставкой цена","400","1","щебень"
"песок мытый","399","0",""
"щебень лучше","399","1","щебень"
"купить щебень 5","398","1","щебень"
"сколько нужно щебня","387","1","щебень"
"щебень фракция 5 20","387","1","щебень"
"бутовый камень","386","0",""
"щебень первоуральск","379","1","щебень"
"1 куб щебня","378","1","щебень"
"1 куба щебня","378","1","щебень"
"дорогой щебень","368","1","щебень"
"заказать щебень","367","1","щебень"
"отсев гранитный","365","0",""
"плотность щебня","365","1","щебень"
"пропорции цемент щебень","365","1","щебень"
"щебень 40 цена","364","1","щебень"
"щебень 20 40 м3","363","1","щебень"
"щебень без","363","1","щебень"
"размеры щебня","357","1","щебень"
"куб щебня в тоннах","356","1","щебень"
"щебень кубы в тонны","356","1","щебень"
"машина щебня","352","1","щебень"
"щебень 3","351","1","щебень"
"цена куба щебня","345","1","щебень"
"купить щебень тагил","345","1","щебень"
"горный щебень","337","1","щебень"
"тонна щебня 20 40","333","1","щебень"
"5 кубов щебня","333","1","щебень"
"щебень 20 40 цена","329","1","щебень"
"щебень 10 20","323","1","щебень"
"щебень м","322","1","щебень"
"щебень 20 мм","322","1","щебень"
"щебень кг","321","1","щебень"
"стоимость щебня","318","1","щебень"
"щебень 5 20 сколько","315","1","щебень"
"щебень водой","315","1","щебень"
"щебень 20 40 екатеринбург","314","1","щебень"
"щебень 20 на 20","312","1","щебень"
"какой щебень нужен","309","1","щебень"
"уплотнение щебня","305","1","щебень"
"марка щебня","302","1","щебень"
"тонна щебня в м3","302","1","щебень"
"сколько песка щебня","301","1","щебень"
"сколько цемента щебня","301","1","щебень"
"щебень цена за куб","298","1","щебень"
"шлаковый щебень","294","1","щебень"
"5 тонн щебня","293","1","щебень"
"сколько щебня в 1","292","1","щебень"
"купить щебень 5 20","290","1","щебень"
"сколько весит щебень","290","1","щебень"
"м3 щебня сколько","290","1","щебень"
"щебень 20 40 1 м3","286","1","щебень"
"ооо щебень","283","1","щебень"
"щебень 5 10","280","1","щебень"
"сколько кубов в тонне щебня","279","1","щебень"
"пропорции песка щебня","279","1","щебень"
"щебень фр","279","1","щебень"
"купить щебень екатеринбург цена","277","1","щебень"
"сколько тонн в кубе щебня","275","1","щебень"
"щебень для дорожек","272","0",""
"объем щебня","272","1","щебень"
"щебень 1 5","270","1","щебень"
"работа щебень","269","1","щебень"
"коэффициент щебня","268","1","щебень"
"песок карьерный","266","0",""
"щебень 20 40 с доставкой","266","1","щебень"
"ведро щебня","266","1","щебень"
"отсыпка щебнем","266","1","щебень"
"слой щебня","266","1","щебень"
"щебень 5 20 куб","265","1","щебень"
"щебень березовский","260","1","щебень"
"щебень бывает","258","1","щебень"
"пропорции цемент песок щебень","255","1","щебень"
"щебень каменск уральский","252","1","щебень"
"щебень 5 20 тонна","250","1","щебень"
"какой бывает щебень","249","1","щебень"
"щебень строительный","247","1","щебень"
"щебень с 1","245","1","щебень"
"щебень для фундамента","244","0",""
"вес щебня 20","242","1","щебень"
"дом щебень","242","1","щебень"
"щебень купить в екатеринбурге с доставкой цена","241","1","щебень"
"купить отсев щебня","238","1","щебень"
"гранитный щебень 20","237","1","щебень"
"подушка под фундамент","233","0",""
"песок для песочницы","232","0",""
"декоративный щебень","232","1","щебень"
"доставка щебня куба","232","1","щебень"
"куб щебня доставкой","232","1","щебень"
"где купить щебень","232","1","щебень"
"куб щебня купить","227","1","щебень"
"засыпка щебнем","227","1","щебень"
"щебень фракции 70","227","1","щебень"
"купить щебень в нижнем","227","1","щебень"
"сколько щебня в 1 тонне","220","1","щебень"
"1 тонна щебня м3","220","1","щебень"
"щебень 20 40 сколько тонн","218","1","щебень"
"сколько надо щебня","218","1","щебень"
"щебень фракции куб","218","1","щебень"
"сколько весит куб щебня","213","0",""
"куб щебня весит","213","1","щебень"
"фракции щебня купить","213","1","щебень"
"какой щебень лучше","210","1","щебень"
"щебень фракция 10","210","1","щебень"
"щебень цена за м3","208","1","щебень"
"купить щебень свердловская область","208","1","щебень"
"щебень фр 20","207","1","щебень"
"гравий и щебень","207","1","щебень"
"бетон сколько песка сколько щебня","207","1","щебень"
"купить геотекстиль под щебень","207","1","щебень"
"фракции щебня фото","207","1","щебень"
"купить щебень в нижнем тагиле","205","1","щебень"
"щебень смесь","205","1","щебень"
"сколько щебня в камазе","204","0",""
"щебень полы","203","1","щебень"
"черный щебень","203","1","щебень"
"труба щебень","199","1","щебень"
"щебень ревда","199","1","щебень"
"щебень 40 мм","197","1","щебень"
"щебень новоуральск","196","1","щебень"
"сколько кг щебня","196","1","щебень"
"щебень 5 мм","195","1","щебень"
"коэффициент уплотнения щебня","195","1","щебень"
"какие фракции щебня бывают","194","1","щебень"
"щебень крупный","194","1","щебень"
"какую щебень использовать","193","1","щебень"
"сколько песка щебня и цемента","191","1","щебень"
"20 тонн щебня сколько кубов","190","1","щебень"
"толщина щебня","190","1","щебень"
"устройства щебня","189","1","щебень"
"калькулятор щебня","189","1","щебень"
"щебень серов","188","1","щебень"
"щебень фракция 40 70","188","1","щебень"
"щебень 40 в м3","187","1","щебень"
"щебень 20 40 цена с доставкой","186","1","щебень"
"щебень г","186","1","щебень"
"купить щебень 10","185","1","щебень"
"отсыпать щебнем","185","1","щебень"
"цена щебня за 1","184","1","щебень"
"щебень расценка","184","1","щебень"
"щебень размеры фракций","184","1","щебень"
"цена куба щебня с доставкой","181","1","щебень"
"щебень под фундамент","180","1","щебень"
"отсыпка дороги","179","0",""
"заливка щебня","179","1","щебень"
"асфальт щебень","179","1","щебень"
"бетон сколько щебня песка цемента","179","1","щебень"
"бетонный щебень","179","1","щебень"
"доставка щебня цена за куб","178","1","щебень"
"щебень 5 м3","178","1","щебень"
"щебень верхняя пышма","177","1","щебень"
"щебень цена за м3 с доставкой","176","1","щебень"
"сколько м3 в тонне щебня","176","1","щебень"
"как выглядит щебень","176","1","щебень"
"щебень в мешках екатеринбург","175","1","щебень"
"куб щебня стоит","175","1","щебень"
"сколько стоит куб щебня","175","1","щебень"
"щебень дренажный","174","1","щебень"
"дорожки из щебня","174","1","щебень"
"щебень 5 20 екатеринбург","173","1","щебень"
"щебень доставка 1 м3","173","1","щебень"
"щебень асбест","173","1","щебень"
"сколько щебня в 1 м3","172","1","щебень"
"щебень 20 40 цена за м3","171","1","щебень"
"камень щебень","170","1","щебень"
"щебень для дренажа","169","0",""
"щебень цена за 1 м3","167","1","щебень"
"цемент щебень отсев","166","1","щебень"
"доставка щебня 20 40 екатеринбург","165","1","щебень"
"бетон сколько цемента и щебня","165","1","щебень"
"геотекстиль для щебня","165","1","щебень"
"щебень 20 40 екатеринбург цена","164","1","щебень"
"щебень 20 40 доставкой м3","163","1","щебень"
"5 тонн щебня 5 20 сколько","163","1","щебень"
"какой геотекстиль под щебень","162","1","щебень"
"заказать щебень с доставкой","162","1","щебень"
"щебень 20 40 мм","161","1","щебень"
"сколько тонн щебня в 1 м3","161","1","щебень"
"щебень доставка нижний тагил","160","1","щебень"
"смета щебень","160","1","щебень"
"вес м3 щебня","160","1","щебень"
"щебень в мешках купить в екатеринбурге","159","1","щебень"
"камаз песка","158","0",""
"пропорции цемента и щебня для бетона","158","1","щебень"
"щебень горных пород","157","1","щебень"
"купить куб щебня с доставкой","157","1","щебень"
"песок щебень куб","156","1","щебень"
"сколько стоит тонна щебня","156","1","щебень"
"20 кубов щебня в тоннах","155","1","щебень"
"щебень 20 40 цена за 1","155","1","щебень"
"5 цена щебень","154","1","щебень"
"уложить щебень","154","1","щебень"
"купить щебень цена куба","153","1","щебень"
"купить щебень с доставкой 20","152","1","щебень"
"цена щебня за 1 м3 с доставкой","151","1","щебень"
"щебень с доставкой цена за 1","151","1","щебень"
"купить тонну щебня","151","1","щебень"
"щебень гранитный купить","151","1","щебень"
"фракция щебня 20 мм","151","1","щебень"
"селен щебень","150","1","щебень"
"вес щебня 20 40","150","1","щебень"
"щебень недорого","149","1","щебень"
"купить геотекстиль под щебень в екатеринбурге","149","1","щебень"
"производство щебня","149","1","щебень"
"продажа щебня","149","1","щебень"
"соотношение щебня","148","1","щебень"
"как правильно щебень","147","1","щебень"
"сколько кубов в щебне 20 40","147","1","щебень"
"сколько щебня в кубе 20 40","146","1","щебень"
"укладка щебня","145","1","щебень"
"расчет щебня","145","1","щебень"
"10 кубов щебня","145","1","щебень"
"щебень нижний тагил цена","145","1","щебень"
"купить щебень цена за куб","144","1","щебень"
"щебень 20 40 цена за 1 м3","144","1","щебень"
"щебень 20 цена за 1 м3","144","1","щебень"
"подушка из щебня","144","1","щебень"
"пропорции щебня песка и цемента для бетона","143","1","щебень"
"щебень фр 20 40","142","1","щебень"
"щебень дорожный","141","1","щебень"
"щебень 50","141","1","щебень"
"40 тонн щебня сколько кубов","141","1","щебень"
"щебень 8","141","1","щебень"
"какая фракция щебня нужна","141","1","щебень"
"щебень 25","140","1","щебень"
"щебень цена екатеринбург за м3","140","1","щебень"
"как сделать щебень","140","1","щебень"
"1 тонна щебня 20 40","139","1","щебень"
"бетон щебень отсев","139","1","щебень"
"куб щебня 5 20 сколько","138","1","щебень"
"10 тонн щебня","137","1","щебень"
"щебень гравийный","136","0",""
"щебень известняковый","129","0",""
"расход щебня","121","0",""
"самосвал щебня","114","0",""
"щебень 70-120","78","0",""
"песок намывной","70","0",""
"сколько песка в камазе","52","0",""
"опгс","37","0",""
"щебень вторичный","35","0",""
"песок сеяный","27","0",""