запрос,число запросов
"купить плитняк",570
"плитняк купить в екатеринбурге",242
"плитняк для дорожек купить",127
"плитняк для дорожек купить в екатеринбурге",80
"камень плитняк купить",54
"куплю плитняк недорого",45
"плитняк купить в екатеринбурге недорого",42
"купить плитняк в екатеринбурге от производителя",40
"купить плитняк от производителя",40
"плитняк для дорожек купить в екатеринбурге недорого",28
"плитняк купить в екатеринбурге недорого от производителя",25
"плитняк купить недорого от производителя",25
"камень плитняк купить в екатеринбурге",24
"купить плитняк цена",21
"плитняк режевской купить",18
"купить в тагиле плитняк",18
"купить плитняк в нижнем тагиле",18
"плитняк купить в нижнем",18
"камень плитняк для дорожек купить",16
"плитняк для цоколя купить",16
"галтованный плитняк купить",14
"природный плитняк купить",14
"плитняк на вагонке купить",13
"купить плитняк лемезит",12
"где купить плитняк",12
"купить плитняк галтованный 40 60 толщиной",12
"плитняк для облицовки цоколя купить",11
"природный камень плитняк купить",10
"плитняк купить дешево",9
"купить плитняк 3см екатеринбург",9
"купить натуральный плитняк",7
"плитняк камень для дорожек купить каменск уральский",7
"плитняк златолит купить",7
"плитняк купить в арамиле",7
"плитняк на вагонке купить нижний тагил",6
"плитняк купить сысерть",6
"плитняк для дорожек купить в нижнем",6
"купить плитняк авито",6
"купить плитняк в челябинске",5
"плитняк черный купить",5
"плитняк купить нягань",5
"плитняк для дорожек купить в челябинске",4
"плитняк купить с карьера",4
"плитняк купить петрович",4
"гранитный плитняк купить",4
"камень плитняк для садовых дорожек купить",4
"плитняк для садовой дорожки купить",4
"плитняк крупный купить",3
"плитняк сланец купить",3
"купить плитняк в первоуральске",3
"карабаш плитняк купить",2
"натуральный камень плитняк купить",2
"плитняк купить с доставкой",2
"где можно купить плитняк",2
"плитняк тактический купить",1
"плитняк для мощения купить",1
"плитняк купить пермь",1