ключ;частотность;
"бетон товарный";"61";
"товарный бетон";"61";
"товарный бетон с доставкой";"8";
"производство товарного бетона";"7";
"товарный бетон куб";"7";
"товарный бетон купить";"5";
"бетон товарный цена за куб";"5";
"товарный бетон доставка цена";"5";
"товарный бетон цена";"5";
"товарный бетон цена за куб с доставкой";"5";
"марки товарного бетона";"3";
"товарный бетон раствор";"3";
"гост товарного бетона";"2";
"завод товарного бетона";"2";
"бетон готовый для заливки товарный бетон";"2";
"бетон товарный м200";"2";
"состав товарного бетона";"2";
"товарный бетон м";"2";
"ооо товарный бетон";"2";
"купить товарный бетон в самаре";"1";
"производители товарного бетона";"1";
"товарный бетон продажа";"1";
"тульский завод товарных бетонов";"1";
"23.63 производство товарного бетона";"1";
"виды товарного бетона";"1";
"поставки товарного бетона";"1";
"производство товарного бетона оквэд";"1";
"товарный бетон оквэд";"1";
"бетон м100";"77";
"бетон в7 5 м100";"11";
"марка бетона м100";"10";
"класс бетона м100";"8";
"бетон м100 в7 5 c пмд";"7";
"бетон м100 цена";"7";
"купить бетон м100";"7";
"бетон м100 гост";"5";
"м100 какой бетон";"4";
"бетон м100 пропорции";"4";
"характеристики бетона м100";"3";
"бетон м100 состав";"3";
"бетон м100 доставкой";"3";
"бетон м100 где используется";"3";
"марка бетона м100 для чего применяется";"2";
"бетон класса в7 5 м100";"2";
"бетон тяжелый в7 5 м100";"2";
"бетон тяжелый класс в7 5 м100";"2";
"бетон тяжелый класс м100";"2";
"бетон тяжелый м100";"2";
"бетон в 7.5 м100";"2";
"плотность бетона м100";"2";
"бетон м100 куб";"2";
"бетон м100 цена за куб";"2";
"бетон м100 цена за куб с доставкой";"2";
"бетон м100 какая марка";"2";
"бетон м100 прочность";"1";
"бетон b7 5 м100";"1";
"бетон м100 4";"1";
"бетон м100 щебень";"1";
"бетон м100 это какой класс";"1";
"пропорции бетона м100 в ведрах";"1";
"бетон м150";"96";
"бетон класса м150";"22";
"марка бетона м150";"13";
"бетон м150 пропорции";"11";
"бетон тяжелый м150";"10";
"м150 какой бетон";"8";
"бетон в10 м150";"7";
"куб бетона м150";"6";
"бетон класса в10 м150";"6";
"бетон тяжелый в10 м150";"6";
"бетон тяжелый класс в10 м150";"6";
"бетон м150 щебень";"5";
"бетон м150 пропорции в ведрах";"4";
"купить бетон м150";"4";
"бетон м150 какой класс бетона";"4";
"бетон в12 5 м150";"4";
"бетон м150 цена";"3";
"сколько цемента на куб бетона м150";"3";
"бетон класс в12 5 м150";"3";
"бетон м150 прочность";"3";
"бетон м150 цена с доставкой";"2";
"доставка бетона м150";"2";
"чем отличается бетон м300 от м150";"2";
"вес бетона м150";"2";
"бетон тяжелый в12 5 м150";"2";
"бетон тяжелый класс в12 5 м150";"2";
"какой бетон прочнее м150 или м300";"1";
"сколько надо цемента на куб бетона м150";"1";
"сколько цемента на 1 куб бетона м150";"1";
"плотность бетона м150";"1";
"бетон м150 для чего используется";"1";
"бетон м200";"591";
"цемент бетон м200";"126";
"пропорции бетона м200";"107";
"куб бетона м200";"97";
"класс бетона м200";"75";
"бетон м200 сколько цемента";"75";
"м200 какой бетон";"72";
"бетон м200 в15";"58";
"марка бетона м200";"54";
"м200 какой класс бетона";"47";
"сколько цемента на куб бетона м200";"42";
"цемент на куб бетона м200";"42";
"1 куб бетона м200";"42";
"бетон м200 расход";"29";
"бетон м200 в ведрах";"29";
"пропорции бетона м200 в ведрах";"29";
"бетон b15 м200";"28";
"бетон тяжелый м200";"25";
"щебень бетон м200";"24";
"купить бетон м200";"24";
"сколько цемента на 1 куб бетона м200";"23";
"цемент на 1 куб бетона м200";"23";
"бетон м200 цена";"23";
"бетон м200 класс в15";"22";
"плотность бетона м200";"20";
"бетон тяжелый в15 м200";"20";
"бетон тяжелый класс в15 м200";"20";
"пропорции бетона м200 из цемента";"19";
"гост бетона м200";"17";
"бетон м200 пропорции м500";"17";
"бетон м200 пропорции в ведрах из цемента";"16";
"вес бетона м200";"16";
"песок для бетона м200";"15";
"бетон бст в15 м200";"15";
"бетона бст класс в15 м200";"15";
"смеси бетонные тяжелого бетона в15 м200";"15";
"бетон м200 из цемента м500";"14";
"пропорции бетона м200 из цемента м500";"14";
"бетон м200 сколько щебня";"14";
"бетон м200 цена за куб";"14";
"цена куба бетона м200";"14";
"бетон м200 в кубе";"14";
"сколько цемента нужно для бетона м200";"14";
"бетон м200 доставкой";"14";
"бетон м200 для фундамента";"14";
"бетон м200 какая марка";"13";
"бетон м200 15";"12";
"бетон м200 пропорции на 1м3";"12";
"сколько цемента нужно на куб бетона м200";"12";
"бетон м200 таблица";"10";
"бетон м200 класс купить";"10";
"купить бетон в15 м200";"10";
"цена бетона м200 с доставкой";"10";
"рецепт бетона м200";"10";
"соотношение бетона м200";"9";
"состав бетона м200";"9";
"сколько песка на куб бетона м200";"8";
"цемент на 1 м3 бетона м200";"8";
"сколько щебня на куб бетона м200";"8";
"щебень на куб бетона м200";"8";
"бетон бст в15 м200 купить";"8";
"бетон класс в15 м200 купить";"8";
"бетон тяжелый класс в15 м200 купить";"8";
"купить бетон тяжелый в15 м200";"8";
"прочность бетона м200";"8";
"чем отличается бетон м200 от м300";"7";
"состав 1м3 бетона м200";"7";
"цена 1 куба бетона м200";"7";
"цена бетона за 1 куб м200";"7";
"бетон м200 в мешках";"7";
"бетон м200 цена за куб с доставкой";"7";
"куба бетон м200 цена бетона доставкой";"7";
"раствор бетон м200";"7";
"бетон м200 расход цемента";"7";
"бетон м200 характеристики";"7";
"бетон в15 м200 крупность заполнителя";"7";
"бетон м200 крупность заполнителя";"7";
"бетон м200 сколько цемента на 1м3 бетона";"6";
"сколько нужно цемента на 1м3 бетона м200";"6";
"сколько стоит бетон м200";"6";
"сколько стоит куб бетона м200";"6";
"сколько весит бетон м200";"6";
"сколько весит куб бетона м200";"6";
"состав бетона м200 на 1м3 таблица";"6";
"таблица состав бетона м200";"6";
"бетон м200 плита";"6";
"стоимость бетона м200";"6";
"бетона м200 w4";"5";
"марка бетона м200 класс";"5";
"бетон м200 своими руками";"5";
"пропорции бетона для фундамента м200";"5";
"вес куба бетона м200";"4";
"куб бетона вес м200";"4";
"масса бетона м200";"4";
"бетон в15 м200 технические характеристики";"4";
"бетон м200 технические характеристики";"4";
"характеристики бетона в15 м200";"4";
"бетон в15 м200 w4";"4";
"сухой бетон м200";"4";
"сертификат на бетон м200";"4";
"бетон марки м200 какой класс";"4";
"как выглядит бетон м200";"4";
"сколько 1 куб бетона для фундамента м200";"4";
"как сделать бетон м200";"3";
"как сделать бетон м200 своими руками";"3";
"сколько весит 1 куб бетона м200";"3";
"где применяется бетон м200";"3";
"марка бетона м200 где применяется";"3";
"сколько надо цемента на куб бетона м200";"3";
"куб бетона м200 пропорции";"3";
"пропорции куба бетона м200";"3";
"плита днища пн10 бетон b15 м200";"3";
"сколько щебня нужно на куб бетона м200";"3";
"стоимость бетона м200 доставкой";"3";
"расход на 1м3 бетона м200";"3";
"расход цемента на 1м3 бетона м200";"3";
"бетон в15 м200 f100";"3";
"бетон м200 w4 f100";"3";
"бетон м200 в15 f100 w4";"3";
"песчаный бетон в15 м200";"3";
"стоимость куба бетона м200";"3";
"бетон мелкозернистый м200";"3";
"замес бетона м200";"3";
"соотношение песка и цемента для бетона м200";"3";
"бетон м200 количество цемента";"3";
"количество цемента на 1м3 бетона м200";"3";
"сколько щебня в кубе бетона м200";"2";
"бетон м200 для чего применяется";"2";
"марка бетона м200 для чего применяется";"2";
"стоимость м3 бетона м200";"2";
"бетон м200 b15 купить";"2";
"отличие бетона м200 от м300";"2";
"масса 1 м3 бетона м200";"2";
"м200 марка бетона прочность";"2";
"бетон б15 м200";"2";
"расчет бетона м200";"2";
"что значит бетон м200";"2";
"бетон бсм в15 м200";"2";
"бетон бсм м200";"2";
"бетон мелкозернистый в15 м200";"2";
"бетон мелкозернистый класс в15 м200";"2";
"сертификат бетон м200 в15";"2";
"бетон м200 0 2";"2";
"лоток бетон b15 м200";"2";
"м200 бетон для чего подходит";"2";
"вес бетона м200 1м3";"2";
"сколько цемента в кубе бетона м200";"2";
"цемента в кубе бетона м200";"2";
"бетон м200 прочность на сжатие";"2";
"калькулятор бетона м200";"1";
"сколько песка в кубе бетона м200";"1";
"бетон м200 для чего используется";"1";
"вес бетона м200 в 1 м3";"1";
"вес м3 бетона м200";"1";
"плотность бетона м200 в застывшем состоянии";"1";
"прочность бетона м200 в мпа";"1";
"время застывания бетона м200";"1";
"застывание бетона м200";"1";
"пропорции бетона м200 в лопатах";"1";
"удельный вес бетона м200";"1";
"гост бетона в15 м200";"1";
"бетон м200 назначение";"1";
"состав бетона м200 пропорции";"1";
"состав бетона м200 пропорции на 1м3";"1";
"бетон м200 25 кг";"1";
"бетон м200 w6";"1";
"бетон м200 или м250";"1";
"бетон м200 класс прочности";"1";
"бетон м200 п3";"1";
"бетон м200 цена 1 м3";"1";
"бетон м200 цена за м3";"1";
"бетона в15 м200 цены";"1";
"морозостойкость бетона м200";"1";
"раствор м200 это какой класс бетона";"1";
"сертификат бетон м200 скачать";"1";
"сертификат на бетон м200 скачать бесплатно";"1";
"стоимость бетона м200 за куб";"1";
"стоимость бетона м200 за куб с доставкой";"1";
"стоимость куба бетона м200 с доставкой";"1";
"что означает марка бетона м200";"1";
"плотность бетона м200 кг м3";"1";
"бетон м200 гравий";"1";
"купить бетон м200 с доставкой";"1";
"купить бетон м200 с доставкой цена";"1";
"купить бетон м200 цена";"1";
"4 куба бетона м200";"1";
"бетон м200 из пгс";"1";
"бетон м200 пропорции на 1м3 в ведрах";"1";
"бетон м200 пропорции на 1м3 в кг";"1";
"вес 1 куб бетона м200";"1";
"вес 1 куба бетона м200";"1";
"приготовление бетона м200";"1";
"пропорции бетона для заливки м200";"1";
"пропорции бетона м200 в ведрах для бетономешалки";"1";
"пропорции бетона м200 в кг";"1";
"пропорции бетона м200 из пгс";"1";
"пропорции для бетона м200 в бетономешалке";"1";
"сколько мешков цемента в кубе бетона м200";"1";
"сколько сохнет бетон м200";"1";
"бетон м250";"225";
"бетон м250 пропорции";"55";
"бетон м250 куб";"40";
"класс бетона м250";"33";
"м250 какой бетон";"24";
"бетон м250 сколько цемента";"21";
"цемент на бетон м250";"21";
"бетон м250 какой класс бетона";"20";
"марка бетона м250";"19";
"сколько нужно на м250 бетон";"15";
"бетон м250 в ведрах";"15";
"пропорции бетона м250 в ведрах";"15";
"бетон тяжелый м250";"13";
"бетон м250 в20";"13";
"сколько цемента на куб бетона м250";"11";
"цемент на куб бетона м250";"11";
"вес бетона м250";"11";
"купить бетон м250";"9";
"бетон класс в20 м250";"9";
"бетон м250 бст в20";"9";
"бетон тяжелый в20 м250";"9";
"бетон тяжелый класс в20 м250";"9";
"бетон м250 м3";"8";
"бетон м250 цена";"8";
"вес куба бетона м250";"7";
"куб бетона вес м250";"7";
"бетон м250 на щебне";"7";
"бетон м250 для фундамента";"7";
"бетон b20 м250";"7";
"сколько весит бетон м250";"7";
"сколько весит куб бетона м250";"7";
"бетон м250 пропорции в ведрах из цемента";"6";
"пропорции бетона м250 в ведрах для бетономешалки";"6";
"заказать бетон м250";"4";
"бетон м250 10";"4";
"состав бетона м250";"4";
"бетон м250 0";"4";
"бетон м250 из цемента м500";"4";
"купить бетон м250 в20";"3";
"пропорции бетона м250 из цемента м500";"3";
"бетон м250 пропорции на 1м3";"2";
"вес 1 куба бетона м250";"2";
"бетон м250 сколько цемента на 1м3";"2";
"сколько нужно цемента на 1м3 бетона м250";"2";
"плотность бетона м250";"2";
"бетон м250 w6";"2";
"бетон м250 на гравии";"2";
"как сделать бетон м250";"2";
"марка м250 класс бетона";"2";
"бетон м250 какая марка";"2";
"бетон м250 какой класс бетона таблица";"2";
"сколько нужно щебня на куб бетона м250";"2";
"сколько щебня на куб бетона м250";"2";
"щебень на куб бетона м250";"2";
"бетон м250 цена за куб";"2";
"цена куба бетона м250";"2";
"сколько нужно цемента на куб бетона м250";"2";
"материалы для куба бетона м250";"2";
"бетон м250 сколько в";"1";
"как приготовить бетон м250";"1";
"сколько щебня в кубе бетона м250";"1";
"состав бетона м250 пропорции";"1";
"состав бетона м250 пропорции в ведрах";"1";
"сколько пгс на куб бетона м250";"1";
"бетон в20 м250 технические характеристики";"1";
"бетон м250 в20 характеристики";"1";
"бетон м250 доставка";"1";
"бетон м250 характеристики";"1";
"вес бетона в 1 м3 м250";"1";
"вес м3 бетона м250";"1";
"марка бетона м250 соответствует классу бетона";"1";
"стоимость бетона м250";"1";
"стоимость бетона м250 с доставкой";"1";
"сколько весит 1 куб бетона м250";"1";
"сколько цемента надо на куб бетона м250";"1";
"марка бетона м250 пропорции";"1";
"бетон марки м250 какой класс";"1";
"бетон м250 м300";"1";
"разница между бетоном м250 и м300";"1";
"расход цемента на 1м3 бетона м250";"1";
"сколько стоит бетон м250";"1";
"сколько стоит куб бетона м250";"1";
"сколько цемента на 1 куб бетона м250";"1";
"цемента на 1 куб бетона м250";"1";
"бетон м300";"1318";
"куб бетона м300";"433";
"бетон м300 сколько";"327";
"пропорции бетона м300";"273";
"куб бетона м300 сколько";"201";
"бетон м300 цена";"172";
"цемент на бетон м300";"167";
"цена куба бетона м300";"127";
"1 куб бетона м300";"110";
"цемент на куб бетона м300";"105";
"бетон м300 с доставкой";"104";
"марка бетона м300";"100";
"сколько цемента на куб бетона м300";"99";
"бетон м300 ведрами";"94";
"пропорции бетона м300 в ведрах";"88";
"бетон м300 цена за куб";"72";
"цена куба бетона м300 за куб";"72";
"бетон м300 щебень";"72";
"бетон м300 из цемента м500";"63";
"пропорции бетона м300 из цемента м500";"62";
"доставка бетона м300 куб доставкой";"62";
"вес бетона м300";"54";
"класс бетона м300";"54";
"купить бетон м300";"52";
"1 м3 бетона м300";"51";
"сколько бетона в кубе м300";"49";
"бетон м300 с доставкой цены";"48";
"цемент на 1 куб бетона м300";"48";
"сколько цемента на 1 куб бетона м300";"47";
"стоимость бетона м300";"46";
"бетон в22 5 м300";"45";
"бетон м300 в22";"45";
"сколько весит бетон м300";"44";
"цена куба бетона м300 с доставкой";"39";
"куб бетона весит м300";"37";
"сколько весит куб бетона м300";"37";
"сколько цемента в бетоне м300";"37";
"бетон м300 какой класс бетона";"35";
"бетон с доставкой стоимость м300";"34";
"бетон м300 в бетономешалке";"33";
"состав бетона м300";"33";
"вес куба бетона м300";"33";
"куб бетона вес м300";"33";
"плотность бетона м300";"32";
"сколько цемента надо на куб бетона м300";"30";
"объем бетона м300";"29";
"сколько стоит бетон м300";"29";
"бетон м300 пропорции для бетономешалки";"27";
"пропорции бетона м300 в ведрах для бетономешалки";"27";
"сколько цемента в кубе бетона м300";"27";
"цемент в кубе бетона м300";"27";
"щебня на куб бетона м300";"24";
"сколько цемента нужно на куб бетона м300";"24";
"песок бетон м300";"24";
"бетон марки м300 в22 5";"23";
"бетон м300 b22";"23";
"бетон м300 b22 5";"23";
"м300 бетон расход";"23";
"бр бв бетон в22 5 м300";"22";
"бетон м300 в мешках";"22";
"марка бетона м300 пропорции";"22";
"стоимость куба бетона м300";"21";
"мешков цемента на куб бетона м300";"19";
"сколько мешков цемента на куб бетона м300";"19";
"бетон м300 сколько цемента на 1м3";"19";
"сколько нужно цемента на 1м3 бетона м300";"19";
"куб бетона м300 пропорции";"19";
"пропорции куба бетона м300";"19";
"сколько щебня на куб бетона м300";"18";
"сколько стоит куб бетона м300";"17";
"стоимость куба бетона м300 с доставкой";"17";
"цена бетона м300 за куб с доставкой";"17";
"цемент на 1 м3 бетона м300";"17";
"соотношение бетона м300";"15";
"смесь бетона м300";"15";
"замес бетона м300";"15";
"бетон м300 в 22.5";"15";
"расход на куб бетона м300";"15";
"м300 бетон пропорции на 1";"15";
"бетон для фундамента м300";"14";
"куб бетона м300 кг";"13";
"куб бетона м300 сколько кг";"13";
"куб бетона м300 цена с доставкой екатеринбург";"13";
"сколько цемента в кубе бетона м300 мешков";"13";
"сколько нужно цемента для бетона м300";"13";
"стоимость 1 м3 бетона м300";"12";
"стоимость 1 м3 бетона с доставкой м300";"12";
"стоимость м3 бетона м300";"12";
"сколько цемента в 1 кубе бетона м300";"12";
"цена 1 куба бетона м300";"12";
"сколько кг в кубе бетона м300";"12";
"плотность бетона м300 в застывшем состоянии";"12";
"прочность бетона м300";"11";
"вес бетона м300 в 1 м3";"11";
"вес м3 бетона м300";"11";
"замес бетона м300 пропорции";"11";
"1 куб бетона м300 сколько кг";"11";
"бетон м300 1 кг";"11";
"сколько щебня в кубе бетона м300";"10";
"цемент м300 пропорции для бетона";"10";
"пропорции для бетона м300 с щебнем";"10";
"купить бетон м300 цена";"10";
"бетон м300 количество цемента";"10";
"калькулятор бетона м300";"10";
"сколько кг цемента в кубе бетона м300";"10";
"цена за куб бетона м300 екатеринбург";"10";
"масса бетона м300";"9";
"бетон м300 цена за 1";"9";
"цена бетона за 1 куб м300";"9";
"купить бетон м300 с доставкой";"9";
"1 куб бетона в кг м300";"9";
"сколько кг в 1 кубе бетона м300";"9";
"бетон м300 гост";"9";
"бетон м300 это какой";"9";
"состав бетона м300 пропорции";"9";
"марка м300 класс бетона";"9";
"количество цемента на 1м3 бетона м300";"9";
"пропорции бетона м300 в литрах";"9";
"сколько кг цемента на куб бетона м300";"9";
"сухой бетон м300";"8";
"сколько цемента нужно для куба бетона м300";"8";
"стоимость куба бетона м300 с доставкой екатеринбург";"8";
"сколько нужно щебня на куб бетона м300";"8";
"бетон м300 расход цемента";"8";
"бр бв бетон в 22.5 м300";"8";
"бетон м300 какая марка бетона";"8";
"материал на куб бетона м300";"8";
"бетон м300 характеристики";"8";
"f300 бетон м300";"7";
"сколько песка на куб бетона м300";"7";
"бетон м300 челябинск";"7";
"бетон м300 миксер";"7";
"бетон в мешках м300 цена";"7";
"расчет бетона м300";"7";
"масса куб бетона м300";"7";
"масса куба бетона м300";"7";
"сколько весит куб бетона м300 с щебнем";"7";
"вес 1м3 бетона м300";"7";
"сколько стоит куб бетона для фундамента м300";"7";
"пропорция бетона м300 в ведрах на 1";"7";
"купить бетон марки м300";"7";
"расход материалов на бетон м300";"7";
"расход материалов на куб бетона м300";"7";
"купить бетон м300 цена за куб";"6";
"купить куб бетона м300";"6";
"куб бетона м300 состав";"6";
"состав куба бетона м300";"6";
"бетон м300 пермь";"6";
"сколько цемента в 1 м3 бетона м300";"6";
"сравнить цены на бетон м300 в полевском";"5";
"бетон м300 сколько цемента и песка";"5";
"1 куб бетона м300 состав";"5";
"пропорции на 1 куб бетона м300";"5";
"состав 1 куба бетона м300";"5";
"вес куба бетона м300 сухого";"5";
"стоимость бетона м300 за куб";"5";
"стоимость бетона м300 с доставкой за куб";"5";
"бетон м300 доставка миксером";"5";
"сколько стоит бетон м300 с доставкой";"5";
"сколько стоит куб бетона м300 в миксере";"5";
"сколько стоит миксер бетона м300";"5";
"пропорции бетона м300 в ведрах 12 литров";"5";
"бетон м300 25 кг";"5";
"бетон м300 для чего используется";"5";
"куб бетон марки м300";"4";
"вес куба бетона м300 сырого";"4";
"куб бетона м300 цена для фундамента";"4";
"расход бетона м300 на 1м3";"4";
"время застывания бетона м300";"4";
"застывание бетона м300";"4";
"бетон м300 в25";"4";
"набор прочности бетона м300";"4";
"бетон м300 соответствует";"4";
"бетон м300 соответствует классу";"4";
"марка бетона м300 соответствует";"4";
"марка бетона м300 соответствует классу";"4";
"расход цемента на куб бетона м300";"4";
"бетон марки м300 какой класс";"4";
"цпс м300 бетон";"4";
"бетон м300 пропорции на 1м3";"4";
"сколько песка нужно на куб бетона м300";"4";
"сколько сохнет бетон м300";"4";
"расход щебня на куб бетона м300";"3";
"через сколько снимать опалубку с бетона м300";"3";
"бетон м300 м3 в кг сколько";"3";
"сколько щебня надо на куб бетона м300";"3";
"масса 1 куба бетона м300";"3";
"бетон марки м300 цена за куб";"3";
"марка бетона м300 цена";"3";
"бетон м300 бетоновоз";"3";
"бетон м300 тюмень";"3";
"рецепт бетона м300";"3";
"купить бетон м300 с доставкой цена";"3";
"кубометр бетона м300";"3";
"сколько надо песка на куб бетона м300";"3";
"пропорции бетон м300 с отсевом";"3";
"бетон м300 в22 купить";"3";
"купить бетон м300 в22 5";"3";
"бетон м300 приготовление";"3";
"бетон м350";"235";
"куб бетона м350";"65";
"бетон м350 цена";"41";
"цена куба бетона м350";"34";
"бетон м350 с доставкой";"31";
"бетон м350 цена за куб";"31";
"марка бетона м350";"27";
"м350 бетон класс";"27";
"бетон м350 цена за 1";"27";
"цена бетона за 1 куб м350";"23";
"м350 какой класс бетона";"20";
"пропорции бетона м350";"19";
"цена бетона м350 доставкой";"16";
"бетон м350 в25";"16";
"цемент на бетон м350";"14";
"вес бетона м350";"13";
"купить бетон м350";"12";
"купить бетон м350 с доставкой";"9";
"бетон м350 это какой";"9";
"бетон м350 пропорции в ведрах";"9";
"вес куба бетона м350";"8";
"куб бетона вес м350";"8";
"бетон м350 w6";"7";
"сколько весит бетон м350";"7";
"сколько весит куб бетона м350";"7";
"бетон м350 состав";"4";
"марка м350 класс бетона";"4";
"бетон м350 b25";"4";
"бетон м350 цена за куб с доставкой";"4";
"бетон класс в25 м350";"4";
"сколько цемента на куб бетона м350";"4";
"бетон в25 м350 w6";"3";
"бетон м350 b25 w6";"3";
"бетон м350 гост";"3";
"бетон м350 какая марка";"3";
"бетон м350 цена за 1 м3";"3";
"м3 бетона м350 цена";"3";
"сколько стоит бетон м350";"3";
"сколько стоит куб бетона м350";"3";
"бетон м350 w8";"3";
"бетон м350 характеристики";"3";
"купить бетон м350 с доставкой цена";"3";
"купить бетон м350 цена";"3";
"бетон мелкозернистый класс в25 м350";"3";
"мелкозернистый бетон м350";"3";
"вес 1 куб бетона м350";"3";
"вес 1 куба бетона м350";"3";
"бетон м350 на щебне";"3";
"бетон м350 из цемента м500";"2";
"пропорции бетона м350 из цемента м500";"2";
"бетон м350 состав пропорции";"2";
"бетон марки м350 какой класс";"2";
"масса бетона м350";"2";
"стоимость бетона м350";"2";
"стоимость куба бетона м350";"2";
"сколько цемента на 1 куб бетона м350";"2";
"рецепт бетона м350";"2";
"бетон в25 м350 сертификат";"2";
"сертификат бетон м350";"2";
"вес куба бетона м350 на щебне";"2";
"пропорции бетона м350 в ведрах для бетономешалки";"2";
"вес бетона в 1 м3 м350";"1";
"вес м3 бетона м350";"1";
"вес бетона м350 в 1м3";"1";
"сколько цемента в бетоне м350";"1";
"сколько цемента в кубе бетона м350";"1";
"рецепт бетона м350 на 1 куб";"1";
"бетон в 25 м350";"1";
"бетон в25 м350 гост";"1";
"бетон в25 м350 характеристики";"1";
"бетон в25 марка м350";"1";
"бетон класс b25 м350";"1";
"бетон м350 f200";"1";
"бетон м350 п4";"1";
"бетон м350 соответствует";"1";
"бетон тяжелый класс в25 м350";"1";
"бетон тяжелый м350 в25";"1";
"марка бетона м350 в25 характеристика";"1";
"марка бетона м350 соответствует классу";"1";
"морозостойкость бетона м350";"1";
"прочность бетона м350";"1";
"расход бетона м350";"1";
"сколько набирает прочность бетон м350";"1";
"бетон м350 гравий";"1";
"плотность бетона м350";"1";
"бетон м350 3";"1";
"вес 1 куба бетона м350 на щебне";"1";
"бетон м400";"293";
"бетон в30 м400";"60";
"марка бетона м400";"53";
"бетон цемент м400";"51";
"бетон м400 пропорции";"51";
"сколько бетон м400";"48";
"куб бетона м400";"47";
"купить бетон м400";"39";
"бетон сколько цемента м400";"34";
"марка бетона в30 м400";"33";
"бр бв бетон в30 м400";"31";
"бетон м400 мешок";"24";
"сухой бетон м400";"23";
"пропорции бетона м400 в ведрах";"21";
"бетон м400 в мешках купить";"20";
"купить сухой бетон м400";"20";
"сухой бетон м400 в мешках";"20";
"сухой бетон м400 в мешках купить";"20";
"бетон м400 цена";"17";
"м400 класс бетона";"16";
"сколько цемента на куб бетона м400";"15";
"цемент м400 на куб бетона";"15";
"стоимость бетона м400";"14";
"сколько нужно цемента на 1м3 бетона м400";"13";
"плотность бетона м400";"11";
"марка бетона цемент м400";"10";
"бетон м400 в30 купить";"8";
"сколько цемента на 1 куб бетона м400";"7";
"цемент на 1 куб бетона м400";"7";
"стоимость бетона м400 куб";"7";
"стоимость куба бетона м400";"7";
"бетон м400 цена за куб";"7";
"цена куба бетона м400";"7";
"бетон м400 какая марка бетона";"7";
"бетон в30 м400 гост";"7";
"бетона гост м400";"7";
"бетон м400 доставка";"7";
"марка бетона м400 пропорции";"6";
"вес бетона м400";"6";
"цемент м400 какой бетон";"6";
"бетон в30 м400 цены";"5";
"состав бетона м400";"5";
"бетон м400 для фундамента";"5";
"пропорции бетона м400 в ведрах для пола";"5";
"цена бетона за 1 куб м400";"4";
"бетон м400 цена доставкой";"4";
"песка бетон м400";"4";
"состав бетона м400 пропорции";"4";
"время застывания бетона м400";"3";
"как сделать бетон м400";"3";
"щебень для бетона м400";"3";
"плотность бетона м400 кг м3";"3";
"м400 это какой бетон";"3";
"сколько весит бетон м400";"3";
"вес куба бетона м400";"3";
"куб бетона вес м400";"3";
"цемент м400 пропорции для бетона";"3";
"заливка бетона м400";"3";
"сколько надо цемента на куб бетона м400";"2";
"что значит бетон м400";"2";
"сколько схватывается бетон м400";"2";
"бетон бст м400";"2";
"бетон м300 и м400";"2";
"бетон м400 b30";"2";
"бетон м400 цена за куб с доставкой";"2";
"куб бетона м400 с доставкой";"2";
"м300 и м400 бетон разница";"2";
"сколько цемента в кубе бетона м400";"2";
"смесь бетона м400";"2";
"стоимость бетона м400 с доставкой";"2";
"цена куба бетона м400 с доставкой";"2";
"вес бетона м400 на 1м3";"2";
"камни бортовые бетонные бк бетон в30 м400";"2";
"куб бетона м400 состав";"2";
"рецепт бетона м400";"2";
"рецепт бетона м400 на 1 куб";"2";
"сколько весит куб бетона м400";"2";
"соотношение песка и цемента для бетона м400";"1";
"бетон м400 пропорции в частях";"1";
"приготовление бетона м400";"1";
"сколько времени схватывается бетон м400";"1";
"масса бетона м400";"1";
"бетон м400 прочность";"1";
"бетон м400 характеристика";"1";
"бетон м400 это какой класс";"1";
"бетон тяжелый м400";"1";
"100.30 15 бетон в30 м400";"1";
"бр 100.30 15 бетон в30 м400";"1";
"вес 1 куба бетона м400";"1";
"вес 1 куба бетона м400 на щебне";"1";
"состав бетона м400 пропорции на куб";"1";
"цена м3 бетона м400";"1";
"как замешать бетон м400";"1";
"бетон м300 из цемента м400";"1";
"бетон м300 пропорции из цемента м400";"1";
"бетон м400 пропорции в лопатах";"1";
"сколько весит 1 куб бетона м400";"1";
"куб бетона";"6037";
"кубы бетона";"6037";
"куб в кубе бетон";"1477";
"куб бетона цена";"1469";
"цена куба бетона";"1469";
"1 куб бетона";"1215";
"куб бетона стоит";"941";
"сколько стоит бетон куба";"939";
"сколько стоит куб бетона";"939";
"куб бетона с доставкой";"893";
"цемент на куб бетона";"800";
"сколько в кубе бетона";"788";
"сколько кубов бетона нужно";"758";
"сколько цемента на куб бетона";"699";
"цена куба бетона с доставкой";"609";
"на куб бетона нужно";"555";
"куб бетона екатеринбург";"519";
"куб бетона фундамент";"490";
"цемента 1 куба бетона";"401";
"купить куб бетона";"366";
"сколько нужно цемента на куб бетона";"348";
"сколько кубов бетона надо";"341";
"цемента на 1 куб бетона";"312";
"бетон миксер куба";"310";
"куб бетона цена екатеринбург";"302";
"цена куба бетона екатеринбург";"302";
"купить бетон цена куба";"283";
"куб бетона весит";"282";
"сколько цемента на 1 куб бетона";"277";
"стоимость куба бетона";"276";
"сколько весит куб бетона";"276";
"сколько кубов бетона фундамент";"274";
"купить куб бетона с доставкой";"268";
"на куб бетона надо";"268";
"купить бетон цена за куб";"264";
"купить бетон с доставкой цена за куб";"254";
"заливка бетоном куб";"236";
"заливка куба бетона";"236";
"цена 1 куба бетона";"233";
"цена куба бетона с доставкой екатеринбург";"196";
"куб бетона цемента надо";"191";
"цена бетона за 1 куб";"188";
"бетон с доставкой екатеринбург цена за куб";"179";
"доставка 1 куба бетона";"178";
"доставка бетона 1 куб";"178";
"5 кубов бетона";"177";
"м куб бетон";"176";
"песок куб бетона";"176";
"3 куб бетон";"175";
"3 куба бетона";"175";
"залить куб бетона";"173";
"на 1 куб бетона нужно";"169";
"сколько нужно на 1 куб бетона";"169";
"куб бетона 300";"164";
"вес куба бетона";"163";
"куб бетон вес куба";"163";
"куб бетона вес";"163";
"сколько цемента надо на куб бетона";"161";
"сколько стоит бетон куба с доставкой";"160";
"сколько стоит куб бетона с доставкой";"160";
"1 куб бетона стоит";"158";
"сколько стоит 1 куб бетона";"158";
"сколько бетона в 1 кубе";"158";
"сколько нужно для куба бетона";"157";
"щебень на куб бетона";"154";
"куб бетона сколько мешков";"153";
"2 куб бетон";"146";
"2 куба бетона";"146";
"калькулятор куба бетона";"145";
"калькулятор кубов бетона";"145";
"сколько кубов бетона в миксере";"135";
"сколько залить куб бетона";"133";
"куб бетона работа";"123";
"на 1 куб бетона нужно цемента";"123";
"сколько нужно цемента на 1 куб бетона";"123";
"сколько щебня на куб бетона";"122";
"куб бетона для фундамента цена";"121";
"цена куба бетона для фундамента";"121";
"куб бетона щебень песок";"115";
"сколько песка на куб бетона";"114";
"4 куб бетона";"113";
"4 куба бетона";"113";
"куб бетона купить екатеринбург";"112";
"стоимость бетона за куб";"111";
"стоимость куба бетона за куб";"111";
"сколько стоит куб бетона для фундамента";"105";
"как посчитать куб бетона";"104";
"как посчитать кубы бетона";"104";
"цена 1 куба бетона с доставкой";"103";
"цемента в кубе бетона";"102";
"сколько надо 1 куба бетона";"100";
"расчет куба бетона";"99";
"расчет кубов бетона";"99";
"доставка бетона миксером куб";"98";
"цена бетона за 1 куб с доставкой";"93";
"куб метр бетона";"92";
"стоимость куба бетона с доставкой";"92";
"мешков цемента на куб бетона";"91";
"сколько мешков цемента на куб бетона";"91";
"10 кубов бетона";"91";
"сколько цемента в кубе бетона";"90";
"сколько стоит куб бетона в миксере";"89";
"сколько стоит куб бетона в екатеринбурге";"89";
"куб бетона сколько цемента песка щебня";"89";
"куб бетона нижнем";"88";
"на куб бетона цемента щебня";"87";
"куб бетона пропорции";"86";
"пропорции куба бетона";"86";
"6 кубов бетона";"86";
"сколько стоит залить куб бетона";"86";
"сколько стоит залить куба бетона";"86";
"стоит куб бетона залить";"86";
"сколько куба метра бетон";"83";
"на 1 куб бетона надо";"80";
"сколько надо на 1 куб бетона";"80";
"цена заливки куба бетона";"79";
"для куба бетона сколько нужно цемента";"78";
"рассчитать кубы бетона";"78";
"цемент песок щебень на куб бетона";"78";
"на куб бетона нужно песка";"76";
"сколько нужно песка на куб бетона";"76";
"сколько нужно щебня на куб бетона";"76";
"1 куб бетона сколько мешков";"74";
"куб бетона вручную";"74";
"1 куб бетона для фундамента";"73";
"2 куба бетона сколько";"73";
"бетон миксер цена куба";"69";
"заливка бетона цена за куб";"69";
"1 куб бетона весит";"68";
"бетономешалка куб бетона";"67";
"1 куб бетона мешков цемента";"65";
"сколько весит 1 куб бетона";"64";
"сколько весит 1 куба бетона";"64";
"сколько отсева на куб бетона";"63";
"цена работы куба бетона";"62";
"куб бетона м 300";"62";
"материал на куб бетона";"61";
"на 1 куб бетона надо цемента";"61";
"на 1 куб бетона сколько надо цемента";"61";
"50 кубов бетона";"61";
"для 1 куба бетона нужно";"60";
"сколько цемента и песка на куб бетона";"60";
"на куб бетона сколько нужно цемента песка";"60";
"расход куба бетона";"59";
"1 куб бетона екатеринбург";"59";
"сколько стоит 1 куб бетона с доставкой";"59";
"куб бетона сколько литров";"58";
"сколько стоит 5 кубов бетона";"58";
"бетон пол куба";"57";
"расход на куб бетона";"57";
"500 кубов бетона";"57";
"для куба бетона надо";"56";
"доставка бетона сколько кубов в миксере";"56";
"куб бетона марки 300";"56";
"куб бетона это сколько";"56";
"сколько кубов бетона нужно на фундамент";"56";
"12 кубов бетона";"56";
"сколько нужно для 1 куба бетона";"55";
"куб готового бетона";"55";
"сколько песка и щебня на куб бетона";"55";
"цена за куб бетона работа";"54";
"1 куб бетона вес";"54";
"вес 1 куба бетона";"54";
"куб бетона 250";"54";
"заливка бетона работа за куб";"53";
"стоимость бетона за куб с доставкой";"52";
"песок на 1 куб бетона";"51";
"куб бетона сколько тонн";"50";
"куб бетона для фундамента цена с доставкой";"50";
"цена куба бетона для фундамента с доставкой";"50";
"1 куб м бетона";"50";
"пол куба бетона сколько";"49";
"бетон цена за 1 куб екатеринбург";"48";
"1 куб бетона пропорции";"48";
"пропорции 1 куба бетона";"48";
"1 куб бетона сколько цемента песка";"48";
"как высчитать куб бетона";"48";
"как высчитать кубы бетона";"48";
"сколько песка на 1 куб бетона";"47";
"сколько мешков цемента на 1 куб бетона";"47";
"200 кубов бетона";"47";
"сколько нужно отсева на куб бетона";"47";
"сколько стоит миксер для куба бетона";"47";
"куб бетона вручную цена";"46";
"цена куба бетона вручную";"46";
"миксер бетона";"1634";
"миксер для бетона";"481";
"доставка бетона миксером";"413";
"миксер бетона цена";"325";
"сколько стоит миксер бетона";"203";
"сколько бетона в миксере";"176";
"бетон миксер екатеринбург";"163";
"купить миксер бетона";"151";
"миксер бетона цена с доставкой";"146";
"бетон миксер заказать";"142";
"маленький миксер бетона";"101";
"миксер строительный для бетона";"90";
"доставка бетона екатеринбург миксером";"84";
"ручной миксер для бетона";"75";
"бетон миксер фундамент";"74";
"миксер с подачей бетона";"70";
"сколько стоит доставка бетона миксером";"64";
"доставка бетона маленьким миксером";"60";
"сколько стоит миксер бетона для фундамента";"57";
"бетон для фундамента с доставкой миксером";"57";
"купить миксер бетона с доставкой";"51";
"миксер бетон 5 кубов";"44";
"заливка бетона миксером";"40";
"заказать миксер с бетоном цена";"40";
"купить миксер бетона цена";"36";
"миксер бетона камаз";"35";
"сколько стоит миксер бетона 5";"33";
"сколько стоит миксер бетона 5 кубов";"33";
"миксер с лентой подачи бетона";"31";
"бетон миксер цена за куб";"31";
"мини миксер для бетона";"30";
"стоимость миксера бетона";"30";
"доставка бетона маленьким миксером в екатеринбурге";"30";
"купить ручной миксер для бетона";"29";
"бетон миксер ревда";"29";
"куплю бетон с доставкой миксером цена";"28";
"миксер на куб бетона";"26";
"насадка миксер для бетона";"24";
"заказать доставку бетона миксером";"22";
"сколько бетона в миксере камаз";"19";
"миксер бетона для фундамента цена";"19";
"миксер для бетона какой лучше";"18";
"миксер для бетона своими руками";"18";
"миксер бетона цена с доставкой екатеринбург";"17";
"бетон миксер 3 куба";"17";
"сколько кубов бетона в миксере камаза";"17";
"миксер бетон тюмень";"16";
"заказать бетон маленький миксер";"16";
"миксер с подачей бетона по шлангам";"16";
"стоимость миксера бетона с доставкой";"16";
"перевозка бетона миксером";"16";
"сколько стоит заказать миксер бетона";"16";
"сколько стоит бетон миксер цена";"15";
"бетон раствор миксер";"15";
"мини миксер заказать бетон";"15";
"электрический миксер для бетона";"15";
"насадка для миксера строительного для бетона";"14";
"доставка бетона миксером цена за куб";"14";
"бетономешалка миксер бетон";"14";
"замес бетона миксером";"14";
"машина миксер для бетона";"13";
"услуги миксера бетона";"13";
"миксер ручной строительный для бетона";"13";
"миксер для бетона электрический строительный";"13";
"высота миксера для бетона";"12";
"заказать миксер с бетоном в екатеринбурге цена";"12";
"фото миксера бетона";"12";
"сколько стоит миксер бетона в нижнем тагиле";"12";
"работа миксера бетона";"11";
"миксер насос для бетона";"10";
"бетон миксер 6 кубов";"10";
"миксер для бетона ручной энергомаш";"10";
"строительный миксер для бетона какой";"10";
"заливки бетона куб миксером";"10";
"1 миксер бетон";"10";
"доставка бетона миксером с лентой";"9";
"доставка бетона большим миксером";"9";
"миксер стоимость куба бетона";"9";
"стоимость миксера за куб бетона";"9";
"заказать миксер куб бетона";"9";
"как принять бетон из миксера";"9";
"какой миксер выбрать для бетона";"9";
"какой строительный миксер выбрать для бетона";"9";
"миксер бетона цена в ревде свердловской области";"9";
"чистый миксер очиститель бетона";"9";
"цена миксера бетона 6";"9";
"перевозка бетон миксер с лентой";"9";
"мешать бетон миксером";"8";
"сколько кубов бетона в бетономешалке миксер";"8";
"сколько кубов в бетономешалке камаз миксер бетона";"8";
"купить раствор бетона миксер";"8";
"сколько стоит залить бетон миксером";"8";
"время бетона в миксере";"8";
"залить куб бетона миксера";"8";
"ширина миксера для бетона";"8";
"миксер под бетон";"8";
"бетон миксер сколько кубов цена";"8";
"сколько бетона в миксере цена";"8";
"купить миксер для замеса бетона";"7";
"сколько бетона входит в миксер";"7";
"венчик для миксера для бетона";"7";
"стоимость доставки бетона миксером за куб";"7";
"миксеры для бетона автомобильные";"7";
"аренда миксера для бетона";"7";
"бетон заливка миксером цена";"7";
"объем миксера для бетона";"7";
"миксер бетон авто";"7";
"какой купить миксер для бетона";"7";
"какой миксер лучше купить для бетона";"7";
"мини миксер для бетона купить";"7";
"миксер с насосом для подачи бетона";"7";
"лоток для бетона от миксера";"7";
"чистый миксер очиститель бетона купить";"7";
"чистый миксер очиститель бетона купить екатеринбург";"7";
"замесить бетон миксером";"7";
"замешивать бетон миксером";"7";
"цена миксера бетона 6 кубов";"6";
"миксер бетон 1 куб";"6";
"сколько стоит 1 куб бетона миксером";"6";
"сколько стоит 1 миксер бетона";"6";
"венчик для миксера строительного для бетона";"6";
"можно ли мешать бетон миксером";"6";
"миксер бетона цена 3 5т";"6";
"миксер бетона видео";"6";
"дрель миксер для бетона";"6";
"услуги миксера бетона цена";"6";
"сколько стоит миксер бетона 10";"6";
"сколько стоит миксер бетона 10 кубов";"6";
"как выбрать миксер для бетона";"6";
"миксер для бетона рейтинг";"6";
"рейтинг ручных миксеров для бетона";"6";
"купить миксер для бетона электрический";"5";
"купить миксер для бетона электрический строительный";"5";
"миксер строительный для бетона купить";"5";
"сколько бетона в миксере на базе камаза";"5";
"цена миксера бетона 12";"5";
"цена миксера бетона 12 кубов";"5";
"миксер для бетона 10 кубов";"5";
"миксер для бетона электрический ручной";"5";
"миксер строительный для бетона ручной электрический";"5";
"миксер для замешивания бетона";"5";
"купить миксер для замеса раствора бетона цена";"5";
"бетон екатеринбург маленький миксер с транспортерной лентой";"5";
"заказать бетон миксер екатеринбург район бисерть";"5";
"заказать бетон с доставкой маленьким миксером";"5";
"как отрегулировать обороты на гидронасосе миксера бетона";"5";
"миксер с удлиненным ладком для подачи бетона";"5";
"сколько стоит камаз бетона миксер";"5";
"бетон миксер с ленточной подачей";"5";
"купить бетон с миксера в ревде";"5";
"стоимость миксер с бетоном цена";"5";
"стоимость миксера с бетоном для фундамента";"5";
"миксер с лентой подачи бетона екатеринбург";"5";
"мини миксер для бетона 3 куба";"5";
"сколько стоит заказать миксер с бетоном цена";"5";
"сколько весит миксер с бетоном";"5";
"бетон миксер бетононасосом";"5";
"заливка бетона с миксера с лотками";"5";
"заливка бетона миксером цена работы";"4";
"заливка бетона цена за куб миксером";"4";
"заливка бетона цена за куб работы миксером";"4";
"рейтинг строительных миксеров ручных для бетона";"4";
"строительный миксер для бетона рейтинг";"4";
"купить бетон миксером куба";"4";
"миксер машина для бетона объем";"4";
"мини миксер для бетона авто";"4";
"как называется миксер для бетона";"4";
"готовый бетон миксер";"4";
"купить миксер для бетона автомобильный";"4";
"миксер лента для бетона";"4";
"миксер строительный профессиональный для бетона";"4";
"профессиональный миксер для бетона";"4";
"ширина лотка миксера для бетона";"4";
"бетон миксер отзывы";"4";
"размеры миксера для бетона";"4";
"лоток для бетона от миксера своими руками";"4";
"лоток для бетона своими руками под миксер";"4";
"делаем бетон миксером";"4";
"желоб для бетона своими руками для миксера";"4";
"миксер для бетона фиолент";"3";
"миксер строительный для бетона фиолент";"3";
"сколько стоит залить куб бетона с миксера";"3";
"лучший из миксеров для бетона";"3";
"сколько бетона в миксере м3";"3";
"как выбрать строительный миксер для бетона";"3";
"заказ бетона миксером";"3";
"миксер строительный для бетона машина";"3";
"лучший миксер для бетона ручной";"3";
"миксер для бетона ручной какой лучше";"3";
"миксер 300 бетона";"3";
"полистиролбетон купить";"451";
"полистиролбетон купить в екатеринбурге";"201";
"полистиролбетон мешок купить";"141";
"полистиролбетон в мешках купить екатеринбург";"106";
"полистиролбетон блоки купить";"48";
"купить готовый полистиролбетон";"46";
"раствор полистиролбетона купить";"40";
"купить полистиролбетон в екатеринбурге от производителя";"39";
"полистиролбетон смесь купить";"29";
"полистиролбетон купить в мешках готовый";"28";
"полистиролбетон в мешках купить екатеринбург готовый";"25";
"раствор полистиролбетона купить в первоуральске";"20";
"полистиролбетон стяжка купить";"16";
"полистиролбетон для пола купить";"15";
"где купить полистиролбетон";"14";
"полистиролбетон блок купить в екатеринбурге";"13";
"полистиролбетон купить екб";"12";
"купить перемычку из полистиролбетона";"12";
"купить смесь полистиролбетон в лемана про";"9";
"полистиролбетон стяжка пола купить";"9";
"перемычки из полистиролбетона купить в екатеринбурге";"8";
"блок полистиролбетон купить в ключевск";"7";
"предвспениватель полистиролбетона купить в екб";"7";
"купить домокомплект из полистиролбетона";"7";
"полистиролбетон в мешках купить в каменске уральском";"7";
"купить сухой полистиролбетон";"7";
"полистиролбетон сухая смесь купить";"7";
"купить полистиролбетон в пышме";"7";
"полистиролбетон купить в верхней пышме";"7";
"купить домокомплект в екатеринбурге из полистиролбетона";"6";
"полистиролбетон для пола купить екатеринбург";"6";
"мегаблоки полистиролбетона купить";"5";
"готовый раствор полистиролбетона купить в первоуральске";"5";
"полистиролбетон купить в ирбите";"5";
"раствор полистиролбетон купить в невьянске";"5";
"купить полистиролбетон цена";"4";
"купить сдо для полистиролбетона";"4";
"купить установку для полистиролбетона";"3";
"купить полистиролбетон завод";"2";
"полистиролбетон плиты купить";"2";
"полистиролбетон купить цена за куб";"2";
"производства полистиролбетона купить";"2";
"купить дом из полистиролбетона";"1";
"домокомплект из полистиролбетона купить с завода";"1";
"керамзитобетон цена";"23";
"керамзитобетон цена купить";"4";
"цена куба керамзитобетона";"3";
"1 керамзитобетон с доставкой цена";"2";
"керамзитобетон с доставкой цена";"2";
"керамзитобетон цена за 1";"2";
"керамзитобетон цена за 1 м3";"2";
"керамзитобетон цена за 1 м3 с доставкой";"2";
"керамзитобетон цена за м3";"2";
"керамзитобетон цена за м3 с доставкой";"2";
"керамзитобетон цена за куб";"2";
"смесь кладочная";"1922";
"кладочная смесь";"1922";
"кладочная смесь для печей";"317";
"кладочная смесь для кирпича";"312";
"купить кладочную смесь";"254";
"смесь кладочная терракот";"217";
"смесь кладочная жаростойкая";"174";
"смесь кладочная екатеринбург";"123";
"кладочная смесь для каминов";"118";
"кладочная смесь для печей и каминов";"117";
"смесь кладочная глина";"105";
"сухая кладочная смесь";"100";
"шамотная кладочная смесь";"98";
"кладочная смесь брозекс";"89";
"цементно кладочная смесь";"81";
"кладочная смесь крепс";"79";
"кладочная смесь печей терракот";"78";
"кладочная смесь печник";"77";
"смесь кладочная глино шамотная";"77";
"песчано кладочная смесь";"74";
"смесь кладочная 150";"73";
"терракот смесь кладочная жаростойкая";"71";
"смесь кладочная жаростойкая для печей";"71";
"кладочная смесь для кирпича купить";"66";
"кладочная смесь для блоков";"65";
"расход кладочной смеси";"63";
"смесь кладочная м150";"62";
"кладочная смесь 25кг";"58";
"шамотная кладочная смесь терракот";"56";
"монтажно кладочная смесь";"54";
"смесь кладочная глино шамотная терракот";"53";
"кладочная смесь кгб";"53";
"смесь кладочная жаростойкая для печей и каминов";"53";
"кладочная песчано цементная смесь";"53";
"кладочная смесь пропорции";"52";
"кладочная смесь м 150";"51";
"смесь кладочная крепс кгб";"50";
"какую кладочную смесь";"44";
"раствор кладочная смесь";"43";
"купить кладочную смесь для печей";"40";
"смесь кладочная терракот 20";"39";
"кладочная смесь 50";"37";
"кладочная смесь линкер";"36";
"кладочная смесь brozex";"36";
"кладочная смесь для кладки";"35";
"терракот смесь кладочная терракот 20 кг";"34";
"кладочная смесь цена";"34";
"готовая кладочная смесь";"34";
"кладочная смесь для печей шамотная";"34";
"смесь кладочная для печей и каминов терракот";"34";
"кладочная смесь 25";"34";
"газобетон смесь кладочная";"32";
"кладочная смесь глино шамотная для печей";"31";
"печник смесь кладочная для печей";"31";
"смесь кладочная 25 кг";"30";
"сколько нужно кладочной смеси";"29";
"цемента кладочная смесь";"29";
"смесь кладочная глино шамотная жаростойкая";"29";
"кладочная смесь 50 кг";"28";
"огнеупорная кладочная смесь";"28";
"кладочная смесь perfekta";"27";
"кладочная смесь для каминов купить";"26";
"кладочная смесь для печей и каминов купить";"26";
"смесь кладочная perfekta купить в екатеринбурге";"26";
"кладочная смесь перфекта";"25";
"брик кладочная смесь";"25";
"кладочная смесь для ячеистых";"24";
"кладочная смесь серая";"24";
"кладочная смесь perel";"24";
"как развести кладочную смесь";"24";
"цветная кладочная смесь";"23";
"смесь для кладочных работ";"23";
"кладочная смесь отзывы";"22";
"смесь кладочная для ячеистых блоков";"22";
"кладочная смесь состав";"22";
"кладочная смесь для кладки кирпича";"22";
"смесь кладочная 5";"21";
"кладочная смесь 200";"21";
"штукатурно кладочная смесь";"21";
"смесь кладочная глино шамотная 20 кг";"21";
"смесь кладочная глино шамотная терракот 20";"21";
"смесь терракот кладочная глино шамотная 20 кг";"21";
"кладочная смесь плитонит";"20";
"кладочная смесь perel купить";"20";
"клей кладочная смесь";"20";
"кладочная строительная смесь";"20";
"терракот смесь кладочная жаростойкая для печей";"19";
"кладочная смесь в мешках";"19";
"печник кладочная жаростойкая смесь";"19";
"кладочные сухие строительные смеси";"19";
"лучшая кладочная смесь";"18";
"сухая кладочная смесь цементная";"18";
"смесь кладочная глино песчаная";"18";
"кладочная смесь основит";"18";
"черная кладочная смесь";"18";
"кладочная смесь на 1 кирпич";"18";
"кладочная смесь поддон цена";"18";
"кладочная смесь brozex м150";"18";
"песок для кладочной смеси";"17";
"кладочная смесь терракот купить";"17";
"смесь кладочная глино шамотная 20кг";"17";
"смесь кладочная терракот 20кг";"17";
"смесь терракот кладочная глино шамотная 20кг";"17";
"шамотная кладочная смесь терракот 20кг";"17";
"сертификат кладочная смесь";"17";
"смесь кладочная терракот как разводить";"17";
"штукатурка кладочной смесью";"16";
"расчет кладочной смеси";"16";
"крепс кладочная смесь кгб для газобетона 25кг";"16";
"бетон из кладочной смеси";"16";
"кладочная смесь применение";"16";
"брозекс брик м 150 кладочная смесь";"15";
"белая кладочная смесь";"15";
"печная кладочная смесь";"15";
"перфекта линкер смесь кладочная";"15";
"цементно песчаная монтажно кладочная смесь";"15";
"кладочная смесь для ячеистого бетона";"15";
"смесь кладочная м 100";"15";
"кладочная смесь м100";"15";
"гост кладочные смеси";"15";
"кладочная смесь для шлакоблока";"15";
"смесь кладочная расход на м3";"15";
"смесь глино шамотная терракот кладочная жаростойкая";"15";
"кладочная смесь для кирпича пропорции";"15";
"смесь кладочная жаростойкая 20 кг";"15";
"кладочный раствор сухая смесь";"15";
"готовая кладочная смесь для кирпича";"15";
"кладочная смесь брозекс м150";"14";
"кладочная смесь для печи из кирпича";"14";
"зимние кладочные смеси";"14";
"кладочная смесь наружной";"14";
"белая кладочная смесь для кирпича";"14";
"смесь кладочная м50";"14";
"смесь кладочная глино шамотная жаростойкая для печей";"14";
"смесь кладочная шкц 150 200";"14";
"цветная кладочная смесь купить";"14";
"смеси сухие кладочные цементно песчаные";"14";
"монтажно кладочная смесь м150";"14";
"смесь кладочная жаростойкая терракот 20 кг";"13";
"кладочная смесь для газоблока";"13";
"глиняная кладочная смесь";"13";
"смесь кладочная для наружных работ";"13";
"сухая кладочная смесь купить";"13";
"кладочная смесь для печей раствор";"13";
"смесь кладочная перфекта белая";"13";
"bergauf кладочная смесь";"13";
"смесь кладочная песок цемент";"13";
"кладочная смесь коттедж";"12";
"смесь кладочная бежевая";"12";
"расход кладочной смеси для кирпича";"12";
"смесь кладочная для печей brozex";"12";
"как развести кладочную смесь для печи";"12";
"черная кладочная смесь для кирпича";"12";
"светло серая кладочная смесь";"11";
"купить цветную кладочную смесь perel";"11";
"цветная кладочная смесь perel";"11";
"кладочная смесь для кирпича пропорции песка";"11";
"кладочная смесь для бани";"11";
"кладочная смесь для кирпича в баню";"11";
"расход кладочной смеси на 1 кирпич";"11";
"кладочная смесь марка";"11";
"смесь кладочная быстрой";"10";
"кирпично кладочная смесь";"10";
"смесь кладочная глино песчаная жаростойкая";"10";
"сухая кладочная смесь для кирпича";"10";
"смесь кладочная bergauf praktik м 100 30кг";"10";
"кладочная смесь для кирпича отзывы";"10";
"кладочная смесь для кирпича купить в екатеринбурге";"10";
"кладочная смесь для печей терракот купить";"10";
"кладочная смесь сколько м3";"9";
"кладочная смесь 300";"9";
"смесь кладочная жаростойкая для печей как разводить";"9";
"смеси сухие кладочные гост";"9";
"смеси сухие монтажно кладочные";"9";
"смеси сухие монтажно кладочные цементно песчаные";"9";
"кладочная смесь цементная м100";"9";
"кладочная смесь на м2";"9";
"сухая смесь кладочная м100";"9";
"расход кладочной смеси на кладку кирпича";"9";
"смесь кладочная глиняная шамотная жаростойкая";"9";
"кладочная смесь черная купить";"9";
"смесь кладочная для печей 20 кг";"9";
"кладочная смесь специального";"8";
"кладочные смеси и клеи специального назначения";"8";
"кладочная смесь 5 кг";"8";
"смесь кладочная терракот 5 кг";"8";
"кладочная смесь для керамзитобетонных блоков";"8";
"кладочная смесь дом";"8";
"смесь кладочная глина шамотная как разводить";"8";
"сухая кладочная смесь 1";"8";
"купить смесь кладочную жаростойкую";"8";
"теплоизоляционная кладочная смесь";"8";
"кладочная смесь кладки печей";"8";
"калькулятор кладочной смеси";"8";
"кладочная смесь мастер";"8";
"сколько сохнет кладочная смесь";"8";
"кладочная смесь для кирпича цена";"8";
"смесь кладочная цементно песчаная м100";"8";
"смесь кладочная цементная м150";"8";
"смесь цементно песчаная кладочная м150";"8";
"кладочная смесь терракот для печей как разводить";"8";
"раствор цементный";"2112";
"цементный раствор";"2112";
"цементно песчаный раствор";"557";
"готовый цементный раствор";"152";
"раствор кладочный цементный";"118";
"сколько цементного раствора";"116";
"добавить цементный раствор";"112";
"цементный раствор пропорции";"108";
"цементно известковый раствор";"105";
"какой цементный раствор";"101";
"цементный раствор 1 1";"95";
"раствор готовый кладочный цементный";"89";
"раствор цементный м100";"89";
"жидкий цементный раствор";"66";
"марки цементного раствора";"64";
"раствор цементный м150";"64";
"правильный цементный раствор";"62";
"камни на цементном растворе";"62";
"цементный раствор купить";"60";
"цементный раствор м200";"58";
"цементный раствор руками";"57";
"цементный раствор цена";"54";
"пластификатор для цементного раствора";"54";
"состав цементного раствора";"48";
"цементно песчаный раствор м200";"47";
"цементно песчаный раствор м150";"47";
"раствор кладочно цементный м100";"47";
"раствор готовый кладочный цементный м100";"43";
"раствор готовый цементный м100";"43";
"стекло в цементный раствор";"42";
"заливка цементным раствором";"42";
"как штукатурить цементным раствором";"41";
"залить цементным раствором";"41";
"заделка цементным раствором";"40";
"как сделать цементный раствор";"40";
"цементно песчаный раствор 1 1";"39";
"цементно песчаный раствор м";"39";
"приготовление цементного раствора";"37";
"как штукатурить стены цементным раствором";"37";
"цементный раствор для кладки";"36";
"цементный раствор для штукатурки";"36";
"раствор цементный 100";"34";
"сертификат цементного раствора";"33";
"цементный раствор м3";"32";
"цементный раствор толщина";"32";
"слой цементного раствора";"31";
"цементный раствор для швов";"31";
"штукатурка камня цементным раствором";"31";
"цементно песчаный раствор м100";"31";
"куб цементного раствора";"30";
"цементный раствор соотношение";"30";
"раствор кладочный цементный сертификат";"29";
"стяжка из цементно песчаного раствора";"29";
"цементный раствор на цемент";"28";
"цементный раствор расценка в смете";"28";
"цементно песчаная смесь раствор";"27";
"цементный раствор 50";"27";
"шприц для цементного раствора";"26";
"объем цементного раствора";"25";
"раствор готовый кладочный цементный сертификат";"25";
"раствор готовый цементный сертификат";"25";
"добавляют ли цементный раствор";"24";
"сколько стоит цементный раствор";"24";
"готовый цементный раствор купить";"24";
"добавка цементного раствора";"24";
"штукатурка стен цементно песчаным раствором";"24";
"цементно известковый раствор по камню";"24";
"раствор тяжелый цементный";"23";
"цементный раствор сертификат соответствия";"23";
"цементный раствор гост";"23";
"цементный раствор для кирпичей";"23";
"цементный раствор для стен";"23";
"очистить цементный раствор";"23";
"цементный раствор 1 1 состав";"23";
"цементно песчаный раствор пропорции";"23";
"как штукатурить стены своими руками цементным раствором";"22";
"штукатурим цементным раствором своими руками";"22";
"расход цементного раствора";"22";
"1 куб цементного раствора";"22";
"песчано цементный раствор цена";"22";
"состав цементно песчаного раствора";"21";
"оштукатуривание цементным раствором";"21";
"цементно песчаный раствор расценка";"21";
"сколько стоит куб цементного раствора";"21";
"плотность цементного раствора";"20";
"сухой цементный раствор";"20";
"цементный раствор для пола";"20";
"цементный раствор 1 3";"20";
"как приготовить цементный раствор";"19";
"раствор кладочный цементный сертификат соответствия";"19";
"раствор готовый кладочный цементный м100 сертификат";"19";
"раствор кладочный цементный м100 сертификат";"19";
"сертификат раствор цементный м100";"19";
"цементный раствор 150";"19";
"хороший цементный раствор";"19";
"марки цементно песчаного раствора";"19";
"цементный раствор соотношение песка";"19";
"клей для цементного раствора";"19";
"раствор кладочный цементный марки";"19";
"как правильно штукатурить цементным раствором";"18";
"как замесить цементный раствор";"18";
"цементный раствор мешки";"18";
"раствор готовый кладочный цементный сертификат соответствия";"18";
"растворы цементные готовые сертификат соответствия";"18";
"цементный раствор для плитки";"18";
"сколько стоит 1 куб цементного раствора";"18";
"цементный раствор для фундамента";"18";
"цементный раствор соотношение песка и цемента";"18";
"готовый известково цементный раствор";"17";
"раствор кладочный цементно известковый";"17";
"штукатурка фасада цементным раствором";"17";
"гэсн цементный раствор";"17";
"цементно песчаный раствор гост";"17";
"без цементные растворы";"17";
"песочно цементный раствор";"17";
"затирка цементным раствором";"17";
"можно добавлять цементный раствор";"17";
"как штукатурить цементно песчаным раствором";"17";
"мыло в цементный раствор";"17";
"сколько застывает цементный раствор";"17";
"как правильно штукатурить стену цементным раствором";"16";
"стоимость цементного раствора";"16";
"цементный раствор по камню и бетону";"16";
"штукатурка по бетону цементным раствором";"16";
"штукатурка фасадов цементно известковым раствором";"16";
"сколько нужно цементного раствора";"16";
"оштукатуривание стен цементным раствором";"16";
"смета цементно песчаный раствор";"16";
"как делать цементный раствор";"16";
"приготовление цементно песчаного раствора";"16";
"раствор кладочный цементный м100 сертификат соответствия";"16";
"раствор цементный м100 сертификат соответствия";"16";
"сертификат соответствия раствор готовый кладочный цементный м100";"16";
"цементно песчаный раствор 100";"16";
"цементный раствор м 100";"16";
"заделка швов цементным раствором";"16";
"растворы строительные цементные";"16";
"почему цементный раствор";"15";
"цементный раствор для кладки кирпича";"15";
"бетон и цементно песчаный раствор";"15";
"бордюрчики из цементного раствора для дачи";"15";
"раствор готовый отделочный цементный";"15";
"раствор цементный отделочный";"15";
"толщина цементно песчаного раствора";"15";
"вес цементного раствора";"15";
"гидроизоляция цементным раствором";"15";
"простой цементный раствор";"15";
"готовый цементно песчаный раствор";"15";
"цементный раствор м75";"15";
"цементный раствор температура";"15";
"раствор кладочный цементный м200";"15";
"штукатурка цементным раствором своими руками";"15";
"как штукатурить стены цементно песчаным раствором";"15";
"пва в цементный раствор";"14";
"цементный раствор для пистолета";"14";
"как замешать цементный раствор";"14";
"глиняно цементный раствор";"14";
"виды цементных растворов";"14";
"подготовка цементного раствора";"14";
"ремонтный цементный раствор";"14";
"растворы цементные марка 100";"14";
"штукатурка стен цементным раствором своими руками";"14";
"зачем цементный раствор";"14";
"галтель из цементно песчаного раствора";"14";
"откосы цементным раствором";"13";
"крепкие цементные растворы";"13";
"цементно песчаный раствор м 100";"13";
"цементный раствор для стяжки";"13";
"прочность цементного раствора";"13";
"добавить клей в цементный раствор";"13";
"жидкое мыло в цементный раствор";"13";
"готовый отделочный тяжелый цементный раствор";"13";
"раствор отделочный тяжелый цементный";"13";
"раствор отделочный тяжелый цементный 1 1";"13";
"ремонт штукатурки цементно известковым раствором";"13";
"ремонт штукатурки цементным раствором";"13";
"цементный раствор для бетона";"13";
"раствор готовый кладочный цементный марки";"13";
"раствор кладочный цементный марки 100";"13";
"цементный раствор пропорции для заливки";"13";
"раствор цементно песчаный стоимость";"12";
"кладочно цементно песчаного раствора";"12";
"раствор цементный м100 цена";"12";
"цементный раствор цена за м3";"12";
"можно ли в цементный раствор добавлять";"12";
"залить полы цементным раствором";"12";
"пропорции жидкого цементного раствора";"12";
"укладка цементного раствора";"12";
"цвет цементного раствора";"12";
"высыхание цементного раствора";"12";
"ремонт бетона цементным раствором";"12";
"готовый цементный раствор цена";"12";
"армированный цементно песчаный раствор";"12";
"раствор готовый отделочный цементно известковый";"11";
"растворы отделочные цементно известковые";"11";
"раствор цементно известковый 1 1 6";"11";
"раствор цементный 1 1 6";"11";
"цементно песчаный раствор расценка в смете";"11";
"облицовка цементным раствором";"11";
"штукатурка стен цементным раствором по маякам";"11";
"штукатурка цементным раствором по маякам";"11";
"раствор известковый";"329";
"известковый раствор";"329";
"известковый раствор екатеринбург";"41";
"известковый раствор для штукатурки";"25";
"раствор известкового камня";"25";
"известковый кладочный раствор";"21";
"готовый известковый раствор";"20";
"штукатурка фасада известковым раствором";"18";
"купить известковый раствор";"17";
"известково песчаный раствор";"16";
"состав известкового раствора";"16";
"раствор известковый м100";"15";
"известковый раствор цемент";"15";
"раствор отделочный известковый";"14";
"ремонт штукатурки известковым раствором";"13";
"известковый раствор марки";"13";
"раствор готовый отделочный известковый";"13";
"известковый раствор для кладки";"12";
"известковый штукатурный раствор";"11";
"известковый раствор для стен";"11";
"раствор готовый отделочный тяжелый известковый";"10";
"раствор готовый тяжелый известковый";"10";
"раствор отделочный тяжелый известковый";"10";
"раствор тяжелый известковый";"10";
"раствор известковый м4";"9";
"раствор цементно известковый марка";"9";
"известковый раствор для штукатурки стен";"9";
"улучшенная штукатурка цементно известковым раствором";"9";
"раствор готовый отделочный тяжелый цементно известковый";"9";
"раствор отделочный тяжелый цементно известковый";"9";
"раствор тяжелый цементно известковый";"9";
"какой раствор известковый";"9";
"раствор штукатурный известковый м100";"9";
"пропорция известкового раствора";"8";
"известковый раствор для побелки";"8";
"состав отделочного раствора известкового";"8";
"состав раствора известкового 1 1 6";"8";
"цементно известковый раствор состав";"8";
"известковый цементный песчаный раствор";"8";
"как приготовить известковый раствор";"8";
"растворы известковые сертификат";"8";
"екатеринбург екатеринбург производство известкового раствора";"7";
"известковый раствор кирпич";"7";
"марка кладочного цементно известкового раствора";"7";
"марки известковых кладочных растворов";"7";
"известково цементный раствор для штукатурки";"7";
"известковый раствор для кладки кирпича";"6";
"готовый известковый кладочный раствор";"6";
"раствор готовый кладочный цементно известковый";"6";
"раствор готовый кладочный цементно известковый марки";"6";
"известково цементный раствор для кладки";"5";
"известковый раствор для кирпичной кладки";"5";
"цементно известковый раствор для кирпичной кладки";"5";
"штукатурка поверхностей известковым раствором";"5";
"известковый раствор сертификат соответствия";"5";
"раствор известковой воды";"5";
"известковый раствор екатеринбург пульс цен";"5";
"известковый раствор цены";"5";
"улучшенная штукатурка фасадов цементно известковым раствором";"4";
"улучшенная штукатурка стен известковым раствором";"4";
"купить готовый известковый раствор";"4";
"цементно известковый раствор купить";"4";
"известковый раствор для швов";"4";
"раствор кладочный цементно известковый м10";"4";
"известковый раствор в бетон";"4";
"раствор цементно известковый сертификат";"4";
"кладочный раствор известковый м50";"4";
"раствор известковый м50";"4";
"известково глиняный раствор";"4";
"известковый раствор для штукатурки пропорции";"3";
"штукатурим известковым раствором";"3";
"известковые строительные растворы";"3";
"приготовление известкового раствора";"3";
"вес известкового раствора";"3";
"известковый раствор для золения шкур";"3";
"известковый раствор для золения шкур 7";"3";
"известковый раствор для золения шкур 7 букв";"3";
"расход известкового раствора";"3";
"гипсово известковый раствор";"3";
"известковый кладочный раствор купить";"3";
"простой известковый раствор";"3";
"раствор или известковый раствор лучше";"3";
"раствор цементно известковый кладочный купить";"3";
"штукатурка поверхностей внутри здания известковым раствором";"3";
"цементно известковый раствор для штукатурки стен";"3";
"раствор известковый м100 сертификат";"3";
"раствор штукатурный известковый м100 сертификат";"3";
"раствор штукатурный известковый сертификат";"3";
"цементно известковый раствор сертификат соответствия";"3";
"как сделать известковый раствор";"3";
"известковый раствор фото";"3";
"известь для известкового раствора";"2";
"приготовление известкового раствора для штукатурки";"2";
"соотношение известкового раствора";"2";
"цементно известковый раствор вес";"2";
"известковый кладочный раствор м100";"2";
"раствор кладочный цементно известковый м100";"2";
"раствор цементно известковый м100";"2";
"известковый раствор относится к растворам";"2";
"цементно известковый раствор для фасада";"2";
"известковый раствор плотность";"2";
"раствор штукатурный известковый м100 м3";"2";
"раствор известково цементный м50";"2";
"раствор известковый м100 сертификат соответствия";"2";
"раствор кладочный цементно известковый м50";"2";
"раствор кладочный цементно известковый м50 сертификат";"2";
"раствор кладочный цементно известковый сертификат";"2";
"раствор штукатурный известковый м100 сертификат соответствия";"2";
"раствор штукатурный известковый сертификат соответствия";"2";
"цементно известковый раствор м50 сертификат";"2";
"известковый раствор нормы";"2";
"виды известкового раствора";"2";
"известковый раствор для печи";"2";
"известковый раствор мешок";"1";
"известковые растворы состоят из";"1";
"известковый раствор для штукатурки стен пропорции";"1";
"известковый раствор марки 50";"1";
"побелка стен известковым раствором";"1";
"прочность известково цементного раствора";"1";
"прочность известкового раствора";"1";
"раствор цементно известковый марка 50";"1";
"раствор цементно известковый марка м100";"1";
"растворы кладочные цементно известковые марки 50";"1";
"как штукатурить стены известковым раствором";"1";
"нанесение известкового раствора";"1";
"технология известкового раствора";"1";
"цементно известковым раствором расход";"1";
"раствор для удаления известкового налета";"1";
"раствор лимонной кислоты для удаления известкового";"1";
"раствор лимонной кислоты для удаления известкового налета";"1";
"оштукатуривание известковым раствором";"1";
"оштукатуривание цементно известковым раствором";"1";
"плотность цементно известкового раствора";"1";
"как готовить известковый раствор";"1";
"как приготовить известковый раствор для кладки кирпича";"1";
"песчано известковый кладочный раствор";"1";
"покраска шифера известковым раствором";"1";
"почему известковым раствором";"1";
"раствор известкового молока";"1";
"раствор известковый гост";"1";
"раствор известковый применение";"1";
"раствор кладочный цементно известковый м50 сертификат соответствия";"1";
"раствор цементно известковый м50 сертификат соответствия";"1";
"раствор штукатурный известковый м100 расход";"1";
"серно известковый раствор";"1";
"сертификат соответствия раствор кладочный цементно известковый";"1";
"хлорно известковый раствор";"1";
"цементно известковый раствор применение";"1";
"штукатурка песчано известковым раствором";"1";
"вес 1 м3 известкового раствора";"1";
"песок известкового раствора";"1";
"раствор известковый м100 состав";"1";
"раствор штукатурный известковый м100 вес";"1";
"раствор штукатурный известковый м100 вес 1 м3";"1";
"раствор штукатурный известковый м100 вес м3";"1";
"раствор штукатурный известковый м100 состав";"1";
"состав известкового штукатурного раствора";"1";
"хранение известкового раствора";"1";
"известковый раствор формула";"1";
"масса известкового раствора";"1";
"раствор кладочный цементно известковый м200";"1";
"скачать сертификат раствор штукатурный известковый м100";"1";
"формула раствора известковой воды";"1";
"цементно известковый раствор м200";"1";
"штукатурка потолка цементно известковым раствором";"1";
"штукатурка потолков известковыми растворами";"1";
"как сделать известковый раствор для штукатурки";"1";
"известковый раствор для наружной штукатурки";"1";
"раствор известковый 1 2 5";"1";
"раствор известковый 1 3";"1";
"раствор известковый м 4";"1";
"реставрация известковый раствор";"1";
"штукатурка стен цементно известковым раствором расценка";"1";
"высококачественная штукатурка известковым раствором";"1";
"высококачественная штукатурка цементно известковым раствором";"1";
"зачем известковый раствор";"1";
"что добавляли в известковый раствор";"1";
"раствор на отсеве";"106";
"раствор на отсеве пропорции";"18";
"раствор на пол отсев цемент";"7";
"цемент м400";"382";
"купить цемент м400";"89";
"цемент м400 цена";"63";
"цемент м400 екатеринбург";"59";
"мешок цемента м400";"58";
"цемент м400 50";"57";
"цемент м400 купить в екатеринбурге";"53";
"цемент м400 50 кг";"43";
"сколько цемента на м400";"42";
"цемент м400 цена за мешок";"33";
"цемент м400 цена кг";"28";
"цемент м400 цена за мешок 50";"24";
"мешок цемента 50 кг м400";"23";
"цена цемента 50 кг м400";"22";
"цемент м400 пропорции";"21";
"купить цемент м400 в мешках";"20";
"цемент м400 и м500";"18";
"цемент м400 25 кг";"17";
"цемент м400 цена за мешок 50 кг";"16";
"цемент для стяжки м400";"14";
"какой цемент м400";"13";
"купить цемент м400 50 кг";"13";
"марка цемента м400";"12";
"цемент м400 и м500 в чем разница";"12";
"цемент м400 купить мешок 50 кг";"12";
"цемент м400 раствор";"11";
"купить мешок цемента м400 цена";"10";
"цемент м400 мешок 25 кг";"8";
"цемент м400 50кг";"8";
"стоимость цемента м400";"8";
"купить цемент м400 25 кг";"7";
"цемент м400 купить в нижнем";"7";
"сколько цемента на 1 куб м400";"7";
"купить цемент м400 в мешках по 50";"7";
"цемент м400 в домострое краснотурьинск цена";"6";
"цемент м400 раствор пропорции";"6";
"цемент м400 25 кг цена";"6";
"цемент м400 25 кг цена за мешок";"6";
"плотность цемента м400";"6";
"цемент м400 вес";"6";
"цемент м400 тонна";"6";
"цемент м400 мкр";"5";
"цемент 50 кг м400 без минеральных добавок";"4";
"мешок цемента стоимость м400";"4";
"цемент м400 для фундамента";"4";
"цемент м400 мешок 50кг";"3";
"цемент м400 слк цемент";"3";
"цемент портланд м400";"3";
"цемент м400 оптом";"2";
"прочность цемента м400";"2";
"сколько стоит цемент м400";"2";
"цемент м400 петрович";"2";
"удельный вес цемента м400";"2";
"вес 1 м3 цемента м400";"2";
"срок годности цемента м400";"2";
"цемент строительный двор м400";"2";
"цемент м400 сколько песка";"2";
"щебень м400 цемент м400 песок";"2";
"стоимость кг цемента м400";"2";
"стоимость цемента м400 50 кг";"2";
"стоимость цемента м400 за мешок 50";"2";
"стоимость цемента м400 за мешок 50 кг";"2";
"цемент портландцемент м400";"2";
"м400 соотношение песка и цемента";"1";
"цемент м400 расход";"1";
"в чем отличие цемента м400 от м500";"1";
"сколько стоит тонна цемента м400";"1";
"вес мешка цемента м400";"1";
"объемный вес цемента в 1 м3 м400";"1";
"объемный вес цемента м400";"1";
"стоимость тонны цемента м400";"1";
"стоимость цемента м400 за 1 тонну";"1";
"цемент м400 гост";"1";
"цемент м400 сертификат соответствия";"1";
"цемент м400 цена за тонну";"1";
"сертификат на цемент м400";"1";
"сертификат на цемент м400 скачать бесплатно";"1";
"цемент м400 25кг";"1";
"цемент м500";"1954";
"цемент м500 кг";"525";
"купить цемент м500";"454";
"цемент м500 цена";"427";
"мешок цемента м500";"394";
"цемент м500 50";"358";
"цемент м500 50 кг";"329";
"цемент м500 цена кг";"309";
"цемент м500 пропорции";"277";
"цемент м500 цена за мешок";"273";
"цемент м500 бетона";"259";
"цемент м500 цена 50";"255";
"цемент м500 цена за кг мешок";"239";
"цемент м500 цена 50 кг";"234";
"цемент м500 мешок 50 кг";"223";
"цемент м500 цена за мешок 50";"217";
"цемент м500 50 кг цена за мешок";"197";
"цемент м500 25";"178";
"цемент м500 25 кг";"173";
"цемент м500 екатеринбург";"143";
"сколько цемента м500";"129";
"цемент м500 купить в екатеринбурге";"118";
"ведро цемента м500";"117";
"цемент м500 пропорции ведрах";"87";
"цемент м500 мешок 25 кг";"79";
"бетон цемент м500 в ведрах";"79";
"пропорции бетона в ведрах цемент м500";"79";
"цемент м500 пропорции для бетона";"72";
"цемент м500 25 кг цена";"71";
"цемент марки м500";"67";
"цемент м500 для фундамента";"65";
"м300 из цемента м500";"63";
"пропорции м300 из цемента м500";"62";
"цемент м500 и песок";"60";
"купить цемент м500 50 кг";"59";
"купить цемент м500 25 кг";"56";
"цемент м500 пропорция для фундамента";"51";
"купить мешок цемента м500";"46";
"цена цемента м500 за мешок 25";"41";
"цена цемента м500 за мешок 25 кг";"41";
"пропорции бетона для фундамента цемент м500";"40";
"цемент м500 куб";"38";
"раствор цемента м500 пропорции";"36";
"заливка бетона пропорции цемент м500";"30";
"цемент м500 25кг";"30";
"купит цемент м500 цена";"30";
"цемент м500 сколько кг";"28";
"какой цемент м500";"28";
"цемент м500 цем";"28";
"пропорции цемента м500 и песка";"26";
"купить цемент м500 25 кг мешок";"26";
"цемент м200 м500";"26";
"цемент м500 сухой лог";"25";
"пропорции бетона для заливки фундамента цемент м500";"24";
"сколько цемента м500 на куб";"24";
"раствор из цемента м500";"24";
"купить цемент м500 в мешках цена";"23";
"цемент м500 для пола";"22";
"цемент м500 цем ii";"22";
"цемент м500 цем ii a 42 5";"22";
"цемент портланд м500";"21";
"цемент м500 сом";"21";
"цемента на куб бетона м500";"20";
"м500 цемент для стяжки";"20";
"цемрос цемент м500";"19";
"цемент песок щебень пропорции м500";"19";
"цемент м500 стяжка пропорции";"19";
"сколько цемента м500 на куб бетона";"18";
"пропорции для стяжки пола цементом м500";"18";
"цемент м500 для стяжки пола";"18";
"цемент м500 сколько песка";"17";
"смесь цемента м500";"17";
"белый цемент м500";"17";
"цемент м500 соотношение";"16";
"как разводить цемент м500";"15";
"цемент м500 разница";"15";
"плотность цемента м500";"15";
"сколько стоит цемент м500";"14";
"цемент м500 на 1м3 бетона";"14";
"купить тонну цемента м500";"14";
"соотношение песка и цемента м500";"13";
"цемент сульфатостойкий м500";"13";
"цемент м500 мешок 25кг";"12";
"цемент м500 купить в нижнем";"12";
"купить цемент м500 мешок 50 кг";"12";
"купить цемент м500 в мешках по 50";"12";
"цемент м500 цена 25кг";"11";
"марка раствора из цемента м500";"11";
"екат цемент м500";"11";
"цемент м500 на 1 куб";"11";
"купить мешок цемента 50 кг м500 цена";"11";
"купить цемент м500 мешок 50 цена";"11";
"купить цемент м500 цена 50 кг";"11";
"стоимость цемента м500";"11";
"цемент м500 50кг";"11";
"цемент м500 биг бэг";"11";
"цемент м500 какая пропорция";"10";
"цемент м500 без песка";"10";
"сколько нужно цемента на 1м3 бетона м500";"10";
"сколько нужно цемента на 1м3 м500";"10";
"сколько цемента м500 на 1м3 бетона";"10";
"цемент м500 1 тонна";"9";
"купить цемент м500 25 кг мешок цена";"9";
"купить цемент м500 25 кг цена";"9";
"цемент i 42 5н м500";"9";
"цемент м500 как разводить пропорции";"9";
"цемент серый м500";"9";
"цемент м500 характеристики";"9";
"цемент м500 состав";"9";
"купить цемент м500 с доставкой";"9";
"цемент м500 с доставкой";"9";
"сколько нужно цемента м500 на куб бетона";"9";
"цемент м500 0";"9";
"сколько цемента на 1 куб м500";"8";
"цемент м500 на 1 куб бетона";"8";
"срок годности цемента м500";"8";
"срок годности цемента м500 в мешках";"8";
"марка цемента м500 пропорции";"8";
"цемент м500 биг бэг цена";"8";
"цемент м500 объем";"8";
"сухоложский цемент м500";"8";
"цемент м500 мкр";"8";
"лучший цемент м500";"8";
"мешок цемента м500 сколько кубов";"8";
"цемент м500 цена и характеристики";"8";
"цемент м500 аккерман";"8";
"цемент м500 сульфатостойкий купить";"8";
"купить цемент м500 в богдановиче свердловской области";"7";
"стоимость мешка цемента м500";"7";
"сколько цемента на 1 куб бетона м500";"7";
"цемент м500 биг бегах";"7";
"цемент м500 за тонну";"7";
"цемент м500 цена за тонну";"7";
"марка цемента для бетона м500";"7";
"цемент м500 5 кг";"7";
"цемент м500 для кладки";"7";
"цемент м500 отзывы";"6";
"цемент цемрос м500 отзывы";"6";
"домострой цемент м500";"6";
"цемент м500 акерман";"6";
"цемент портланд м500 или акерман м 500";"6";
"цемент м500 для отмостки";"6";
"цемент м500 расход";"6";
"цемент м500 расход на 1м3";"6";
"цемент м500 воронеж";"6";
"цемент м500 купить 50 кг в воронеже";"6";
"цемент м500 купить воронеж";"6";
"цемент м500 10 кг";"6";
"стоимость цемента м500 за мешок 50";"6";
"цемент м500 пропорции для кладки";"6";
"сколько кг в мешке цемента м500";"6";
"цемент м500 1 1 песок";"6";
"цемент м500 чем отличается";"6";
"цемент м500 петрович";"6";
"цемент м500 д0";"6";
"цемент евро м500";"6";
"цемент евро м500 цена";"6";
"сколько сохнет цемент м500";"5";
"цемент м500 астрахань цена";"5";
"цемент м500 1000 кг";"5";
"сертификат цемент м500 скачать";"5";
"замес цемента м500";"5";
"цемент строительный м500";"5";
"сколько стоит тонна цемента м500";"5";
"цемент м500 купить в екатеринбурге стройсервис";"5";
"цемент м500 раствор 350";"5";
"цемент срок годности в мешках закрытый м500";"5";
"бетон марка м 400 из цемента м500";"5";
"раствор м150 из цемента марки м500";"5";
"как сделать раствор из цемента м500";"5";
"как сделать цемент м500";"5";
"цемент м500 красноуфимск купить";"5";
"цемент м500 таблица";"5";
"вес цемента м500";"4";
"цемент м500 купить в петровиче";"4";
"цемент м500 купить в спб";"4";
"цемент м500 купить в спб в петровиче";"4";
"цемент м500 спб";"4";
"цемент м500 какой лучше";"4";
"цемент м500 сколько нужно песка";"4";
"цемрос цемент м500 купить";"4";
"плотность цемента м500 кг м3";"4";
"цемент м500 цена за мешок 25кг";"4";
"бетон из цемента м500 и отсева";"4";
"купить цемент 50кг м500";"4";
"леруа цемент м500 цена";"4";
"леруа цемент м500 цена за мешок";"4";
"цемент м500 леруа";"4";
"цемент м500 поддон";"4";
"сколько стоит мешок цемента м500";"4";
"сколько стоит цемент мешок 50 кг м500";"4";
"цемент м500 50 кг сколько стоит";"4";
"цемент м500 расход на 1м3 бетона";"4";
"аренда бетононасоса";"221";
"бетононасос аренда";"221";
"бетононасос аренда екатеринбург";"118";
"стационарный бетононасос аренда";"28";
"бетононасос аренда цена";"19";
"стационарный бетононасос аренда екатеринбург";"14";
"аренда бетононасоса метров";"9";
"аренда бетононасоса в екатеринбурге цена";"9";
"мини бетононасос аренда";"7";
"бетононасос аренда нижний";"7";
"бетононасос маленький аренда";"5";
"стоимость аренды бетононасоса";"4";
"бетононасос аренда час";"4";
"миксер с бетононасосом аренда";"4";
"аренда линейного бетононасоса";"4";
"сколько стоит аренда бетононасоса";"4";
"бетононасос 56 метров аренда";"3";
"бетононасос аренда новосибирск";"2";
"бетононасос малогабаритный в аренду";"2";
"бетононасос машина аренда";"2";
"авито бетононасос аренда";"1";
"аренда бетононасоса смена";"1";
"аренда бетононасоса цена за смену";"1";
"аренда бетононасоса цена за смену москва";"1";
"бетононасос аренда москва";"1";
"бетононасос аренда москва цена";"1";
"бетононасос аренда челябинск";"1";
"аренда бетононасоса области";"1";
"аренда бетононасоса цена за час";"1";
"аренда бетононасоса м";"1";
"аренда бетононасоса 32 метра";"1";
"аренда бетононасоса 42м";"1";
"бетононасос 36 метров аренда";"1";
"бетононасос 50 метров аренда";"1";
"бетононасос горизонтальный аренда";"1";
"бетононасос стационарный аренда на 1 день";"1";
"взять в аренду бетононасос";"1";
"услуги бетононасоса";"38";
"услуги бетононасоса для заливки";"16";
"услуги бетононасоса для заливки бетона";"16";
"услуга бетононасоса цена";"13";
"услуги бетононасоса для заливки бетона цена";"11";
"автобетононасос";"237";
"купить автобетононасос";"24";
"автобетононасос аренда";"21";
"услуги автобетононасоса";"21";
"автобетононасос цена";"18";
"автобетононасос м";"18";
"машинист автобетононасоса";"17";
"автобетононасос работа";"12";
"аренда автобетононасоса цена";"11";
"автобетононасос екатеринбург";"11";
"автобетононасоса бетон";"10";
"аренда автобетононасоса цена первоуральск";"9";
"автобетононасос как работает";"8";
"автобетононасос cifa";"8";
"оператор автобетононасоса";"7";
"автобетононасос аренда екатеринбург";"6";
"видео автобетононасосов";"6";
"автобетононасос вакансии";"6";
"машинист автобетононасоса вакансии";"6";
"подача автобетононасосом";"5";
"сколько стоит автобетононасос";"5";
"как работает автобетононасос видео от пейнтмоторс";"4";
"стрела автобетононасоса";"4";
"автобетононасос сб";"4";
"автобетононасос сб 170";"4";
"автобетононасос сб 170 1";"4";
"автобетононасос смета";"4";
"автобетононасос 56";"4";
"автобетононасос характеристики";"3";
"цена автобетононасоса купить";"3";
"автобетононасос мерседес";"3";
"автобетононасос мощность";"3";
"автобетононасос мощность двигателя";"3";
"автобетононасосы абн";"3";
"размеры автобетононасосов";"3";
"автобетононасосы производительность";"3";
"автобетононасос фото";"2";
"машинист автобетононасоса профстандарт";"2";
"бетононасос автобетононасос";"2";
"автобетононасос 42";"2";
"автобетононасос 42 метра";"2";
"автобетононасос sany";"2";
"автобетононасос zoomlion";"2";
"автобетононасос каталог";"2";
"автобетононасос спб";"2";
"высота автобетононасоса";"2";
"заказать автобетононасос";"2";
"чертежи автобетононасоса";"2";
"автобетононасос 65 м3 ч";"2";
"автобетононасосы производительность 65 м3 ч";"2";
"производительность автобетононасоса м3 ч";"2";
"автобетононасос устройство";"2";
"автобетононасос игрушка";"2";
"автобетононасос установка";"2";
"автобетононасос схема";"2";
"автобетононасос с миксером";"1";
"автобетононасос 62 метра";"1";
"автобетононасосы 62";"1";
"машинист автобетононасоса обучение";"1";
"обучение автобетононасосу";"1";
"трубы автобетононасоса";"1";
"автобетононасос 60 метров";"1";
"автобетононасос какие бывают";"1";
"заливка автобетононасосом";"1";
"автобетононасос putzmeister";"1";
"автобетононасос для чего нужен";"1";
"автобетононасос еткс";"1";
"автобетононасос камаз";"1";
"автобетононасос конструкция";"1";
"автобетононасос применение";"1";
"автобетононасос что это и зачем";"1";
"бетонирование автобетононасоса";"1";
"бункер автобетононасоса";"1";
"договор автобетононасоса";"1";
"подача бетона автобетононасосом";"1";
"ширина автобетононасоса";"1";
"гэсн автобетононасос";"1";
"работа машинист автобетононасоса";"1";
"автобетононасосы москвы";"1";
"автобетононасосы стоимость";"1";
"аренда автобетононасоса москва";"1";
"водитель автобетононасоса";"1";
"работа оператор автобетононасоса";"1";
"шибера автобетононасосе";"1";
"стационарный бетононасос";"162";
"стационарный бетононасос екатеринбург";"25";
"заливка стационарным бетононасосом";"10";
"стационарный бетононасос купить";"8";
"электрический стационарный бетононасос";"8";
"бетононасос стационарный электрический нвт10";"7";
"стационарный бетононасос дром спецтехника";"7";
"стационарный бетононасос работа";"5";
"стационарные бетононасосы цена";"5";
"бетононасос стационарный дизельный";"4";
"стационарный бетононасос avito";"4";
"стационарный бетононасос gruzovik ru";"4";
"стационарный бетононасос авито";"4";
"стационарный бетононасос экскаватор ру";"4";
"стационарные бетононасосы sany";"3";
"стационарный бетононасос exkavator ru";"3";
"стационарный бетононасос спец дром";"3";
"стационарный бетононасос спецдром";"3";
"оператор стационарного бетононасоса";"2";
"стационарный бетононасос mascus ru";"2";
"стационарный бетононасос грузовик ру";"2";
"стационарный бетононасос маскус ру";"2";
"стационарные бетононасосы putzmeister";"1";
"стационарный бетононасос putzmeister bsa";"1";
"стационарный бетононасос putzmeister bsa 1409 d";"1";
"стационарный бетононасос перевозка 24";"1";
